kc_word	kc_freq	eng_gloss	pmi_score	pair_count	confidence	rank
Abang	16	and	0.0961	15	0.9375	1
Abang	16	they	0.5487	12	0.7500	2
Abang	16	the	0.0272	11	0.6875	3
Abang	16	to	0.8346	8	0.5000	4
Abang	16	of	0.0909	7	0.4375	5
Accyh	3	take	3.4508	3	1.0000	1
Accyh	3	you	1.8346	3	1.0000	2
Ae	3	he	0.5174	3	1.0000	1
Ae	3	and	0.1893	3	1.0000	2
Ah	11	be	0.7970	10	0.9091	1
Ah	11	the	0.4303	10	0.9091	2
Ah	11	and	0.0517	10	0.9091	3
Ah	11	they	0.5043	8	0.7273	4
Ah	11	in	1.0249	5	0.4545	5
Amaw	12	and	0.0637	11	0.9167	1
Amaw	12	the	0.3047	10	0.8333	2
Amaw	12	he	0.2543	10	0.8333	3
Amaw	12	of	0.5059	7	0.5833	4
Amaw	12	to	0.5716	5	0.4167	5
Amuakalang	3	the	0.5678	3	1.0000	1
Amuakalang	3	and	0.1893	3	1.0000	2
Andru	4	of	1.2835	4	1.0000	1
Andru	4	the	0.5678	4	1.0000	2
Andru	4	and	0.1893	4	1.0000	3
Andru	4	simon	5.7966	3	0.7500	4
Andru	4	jame	5.2661	3	0.7500	5
Athua	4	say	1.4043	4	1.0000	1
Athua	4	unto	1.2183	3	0.7500	2
Athua	4	he	0.1023	3	0.7500	3
Atu	4	and	0.1893	4	1.0000	1
Atu	4	come	1.9004	3	0.7500	2
Atu	4	be	0.5194	3	0.7500	3
Atu	4	the	0.1527	3	0.7500	4
Atu	4	he	0.1023	3	0.7500	5
Baccaccing	10	you	1.8346	10	1.0000	1
Baccaccing	10	unto	1.6334	10	1.0000	2
Baccaccing	10	say	1.4043	10	1.0000	3
Baccaccing	10	verily	5.3226	9	0.9000	4
Baccaccing	10	shall	2.2231	7	0.7000	5
Baptisma	5	john	4.7377	5	1.0000	1
Baptisma	5	say	1.4043	5	1.0000	2
Baptisma	5	the	0.2458	4	0.8000	3
Baptisma	5	but	1.7866	3	0.6000	4
Baptisma	5	you	1.0977	3	0.6000	5
Barabbas	3	they	0.9637	3	1.0000	1
Barabbas	3	the	0.5678	3	1.0000	2
Barabbas	3	he	0.5174	3	1.0000	3
Bawipaw	12	the	0.5678	12	1.0000	1
Bawipaw	12	and	0.1893	12	1.0000	2
Bawipaw	12	lord	4.9486	10	0.8333	3
Bawipaw	12	he	0.1023	9	0.7500	4
Bawipaw	12	be	0.3495	8	0.6667	5
Beikinn	12	and	0.1893	12	1.0000	1
Beikinn	12	temple	5.7966	11	0.9167	2
Beikinn	12	the	0.4422	11	0.9167	3
Beikinn	12	be	0.3495	8	0.6667	4
Beikinn	12	in	1.3848	7	0.5833	5
Bethany	4	come	2.3155	4	1.0000	1
Bethany	4	the	0.5678	4	1.0000	2
Bethany	4	he	0.5174	4	1.0000	3
Bethany	4	and	0.1893	4	1.0000	4
Bethany	4	when	2.1721	3	0.7500	5
Bya	4	the	0.5678	4	1.0000	1
Bya	4	gospel	6.3815	3	0.7500	2
Bya	4	god	3.5402	3	0.7500	3
Bya	4	of	0.8685	3	0.7500	4
Bya	4	be	0.5194	3	0.7500	5
Ccapaw	23	son	4.1336	23	1.0000	1
Ccapaw	23	of	1.2194	22	0.9565	2
Ccapaw	23	the	0.4365	21	0.9130	3
Ccapaw	23	be	0.5808	18	0.7826	4
Ccapaw	23	man	2.2257	15	0.6522	5
Ccathya	8	of	1.0909	7	0.8750	1
Ccathya	8	the	0.3751	7	0.8750	2
Ccathya	8	be	0.5194	6	0.7500	3
Ccathya	8	you	1.1566	5	0.6250	4
Ccathya	8	they	0.2856	5	0.6250	5
Ccawhae	3	the	0.5678	3	1.0000	1
Ccawhae	3	and	0.1893	3	1.0000	2
Cceih	3	go	3.0240	3	1.0000	1
Cceih	3	have	2.1624	3	1.0000	2
Cceih	3	you	1.8346	3	1.0000	3
Cceih	3	unto	1.6334	3	1.0000	4
Cceih	3	say	1.4043	3	1.0000	5
Ccungccapaw	3	be	0.9345	3	1.0000	1
Ccungccaw	32	he	0.2722	27	0.8438	1
Ccungccaw	32	the	0.0272	22	0.6875	2
Ccungccaw	32	be	0.2564	20	0.6250	3
Ccungccaw	32	of	0.5314	19	0.5938	4
Ccungccaw	32	man	2.0123	18	0.5625	5
Ccungccawhae	8	and	0.1893	8	1.0000	1
Ccungccawhae	8	the	0.3751	7	0.8750	2
Ccungccawhae	8	they	0.5487	6	0.7500	3
Ccungccawhae	8	be	0.2564	5	0.6250	4
Ccungccawhae	8	for	1.5112	4	0.5000	5
David	8	david	6.3815	7	0.8750	1
David	8	he	0.3247	7	0.8750	2
David	8	be	0.5194	6	0.7500	3
David	8	the	0.1527	6	0.7500	4
David	8	that	0.9961	5	0.6250	5
Do	8	he	0.5174	8	1.0000	1
Do	8	say	1.2116	7	0.8750	2
Do	8	behold	4.8961	5	0.6250	3
Do	8	you	1.1566	5	0.6250	4
Do	8	unto	0.9553	5	0.6250	5
Elijah	9	elia	6.2116	9	1.0000	1
Elijah	9	and	0.1893	9	1.0000	2
Elijah	9	say	1.0417	7	0.7778	3
Elijah	9	it	1.9139	6	0.6667	4
Elijah	9	of	0.6985	6	0.6667	5
Farasihae	11	and	0.1893	11	1.0000	1
Farasihae	11	pharisee	5.7846	10	0.9091	2
Farasihae	11	the	0.4303	10	0.9091	3
Farasihae	11	he	0.3799	10	0.9091	4
Farasihae	11	of	0.8241	8	0.7273	5
Galilee	15	galilee	5.4747	12	0.8000	1
Galilee	15	he	0.0699	11	0.7333	2
Galilee	15	that	0.5746	7	0.4667	3
Galilee	15	sea	4.1527	6	0.4000	4
Galilee	15	into	1.7558	6	0.4000	5
Heinkya	4	say	1.4043	4	1.0000	1
Heinkya	4	which	3.1592	3	0.7500	2
Heinkya	4	not	2.1592	3	0.7500	3
Heinkya	4	you	1.4196	3	0.7500	4
Heinkya	4	unto	1.2183	3	0.7500	5
Herod	10	he	0.3654	9	0.9000	1
Herod	10	herod	5.8670	7	0.7000	2
Herod	10	john	3.4158	4	0.4000	3
Herod	10	when	1.2652	4	0.4000	4
Herod	10	say	0.0823	4	0.4000	5
Herodias	4	he	0.5174	4	1.0000	1
Herodias	4	and	0.1893	4	1.0000	2
Herodias	4	herod	5.9665	3	0.7500	3
Hum	6	and	0.1893	6	1.0000	1
Hum	6	he	0.2543	5	0.8333	2
Hum	6	man	2.2574	4	0.6667	3
Hum	6	say	0.8193	4	0.6667	4
Hum	6	answer	3.1336	3	0.5000	5
Hummou	3	who	5.4747	3	1.0000	1
Hummou	3	say	1.4043	3	1.0000	2
Hummou	3	he	0.5174	3	1.0000	3
Hummou	3	and	0.1893	3	1.0000	4
Humzema	7	and	0.1893	7	1.0000	1
Humzema	7	he	0.2950	6	0.8571	2
Humzema	7	shall	2.2523	5	0.7143	3
Humzema	7	the	0.0823	5	0.7143	4
Humzema	7	whosoever	4.8737	4	0.5714	5
Hyncihaw	3	thi	3.9221	3	1.0000	1
Hyncihaw	3	say	1.4043	3	1.0000	2
Hyncihaw	3	he	0.5174	3	1.0000	3
Hyncihaw	3	and	0.1893	3	1.0000	4
Hynh	25	and	0.1304	24	0.9600	1
Hynh	25	be	0.6125	20	0.8000	2
Hynh	25	he	0.0434	18	0.7200	3
Hynh	25	say	0.8479	17	0.6800	4
Hynh	25	the	0.0114	17	0.6800	5
Hynte	3	he	0.5174	3	1.0000	1
Imanung	3	damsel	6.7966	3	1.0000	1
Imanung	3	be	0.9345	3	1.0000	2
Imanung	3	the	0.5678	3	1.0000	3
Imanung	3	he	0.5174	3	1.0000	4
Imanung	3	and	0.1893	3	1.0000	5
Inn	5	house	4.2016	4	0.8000	1
Inn	5	the	0.2458	4	0.8000	2
Inn	5	go	2.2870	3	0.6000	3
Inn	5	not	1.8372	3	0.6000	4
Inn	5	come	1.5785	3	0.6000	5
Jairas	3	ruler	7.0596	3	1.0000	1
Jairas	3	come	2.3155	3	1.0000	2
Jairas	3	of	1.2835	3	1.0000	3
Jairas	3	the	0.5678	3	1.0000	4
Jairas	3	he	0.5174	3	1.0000	5
James	13	jame	5.6811	13	1.0000	1
James	13	and	0.1893	13	1.0000	2
James	13	the	0.3268	11	0.8462	3
James	13	of	0.9050	10	0.7692	4
James	13	john	4.2072	9	0.6923	5
Jerusalem	11	jerusalem	5.9221	11	1.0000	1
Jerusalem	11	and	0.1893	11	1.0000	2
Jerusalem	11	he	0.3799	10	0.9091	3
Jerusalem	11	the	0.2783	9	0.8182	4
Jerusalem	11	come	1.8560	8	0.7273	5
Jesuh	289	and	0.1124	274	0.9481	1
Jesuh	289	he	0.3311	254	0.8789	2
Jesuh	289	the	0.0002	195	0.6747	3
Jesuh	289	they	0.2234	173	0.5986	4
Jesuh	289	unto	0.5459	136	0.4706	5
Johan	28	john	4.4539	23	0.8214	1
Johan	28	of	0.5636	17	0.6071	2
Johan	28	be	0.1271	16	0.5714	3
Johan	28	in	0.6769	10	0.3571	4
Johan	28	jame	4.0437	9	0.3214	5
Jordan	4	and	0.1893	4	1.0000	1
Jordan	4	from	3.2386	3	0.7500	2
Jordan	4	come	1.9004	3	0.7500	3
Jordan	4	unto	1.2183	3	0.7500	4
Jordan	4	of	0.8685	3	0.7500	5
Josef	5	of	1.2835	5	1.0000	1
Josef	5	the	0.5678	5	1.0000	2
Josef	5	and	0.1893	5	1.0000	3
Josef	5	be	0.6125	4	0.8000	4
Josef	5	he	0.1954	4	0.8000	5
Judahae	6	jew	6.7966	6	1.0000	1
Judahae	6	of	1.2835	6	1.0000	2
Judahae	6	the	0.5678	6	1.0000	3
Judahae	6	king	5.5335	5	0.8333	4
Judahae	6	pilate	5.2116	3	0.5000	5
Judas	6	he	0.5174	6	1.0000	1
Judas	6	and	0.1893	6	1.0000	2
Judas	6	they	0.3787	4	0.6667	3
Judas	6	betray	5.3815	3	0.5000	4
Judas	6	go	2.0240	3	0.5000	5
Judea	4	the	0.5678	4	1.0000	1
Judea	4	he	0.5174	4	1.0000	2
Judea	4	of	0.8685	3	0.7500	3
Judea	4	they	0.5487	3	0.7500	4
Judea	4	be	0.5194	3	0.7500	5
Ka	17	say	1.2237	15	0.8824	1
Ka	17	you	1.3321	12	0.7059	2
Ka	17	be	0.4320	12	0.7059	3
Ka	17	the	0.0653	12	0.7059	4
Ka	17	unto	0.8678	10	0.5882	5
Kae	11	say	1.1148	9	0.8182	1
Kae	11	they	0.6742	9	0.8182	2
Kae	11	be	0.4750	8	0.7273	3
Kae	11	unto	0.9813	7	0.6364	4
Kae	11	you	0.9602	6	0.5455	5
Kapernaum	3	the	0.5678	3	1.0000	1
Kapernaum	3	he	0.5174	3	1.0000	2
Kapernaum	3	and	0.1893	3	1.0000	3
Laanpi	3	by	3.7377	3	1.0000	1
Laanpi	3	of	1.2835	3	1.0000	2
Laanpi	3	the	0.5678	3	1.0000	3
Laanpi	3	he	0.5174	3	1.0000	4
Laanpi	3	and	0.1893	3	1.0000	5
Lah	3	you	1.8346	3	1.0000	1
Lah	3	say	1.4043	3	1.0000	2
Lah	3	he	0.5174	3	1.0000	3
Lah	3	and	0.1893	3	1.0000	4
Long	3	ship	5.2116	3	1.0000	1
Long	3	be	0.9345	3	1.0000	2
Long	3	the	0.5678	3	1.0000	3
Long	3	he	0.5174	3	1.0000	4
Long	3	and	0.1893	3	1.0000	5
Lupi	8	high	5.9221	8	1.0000	1
Lupi	8	priest	4.9221	8	1.0000	2
Lupi	8	the	0.5678	8	1.0000	3
Lupi	8	and	0.1893	8	1.0000	4
Lupi	8	he	0.1023	6	0.7500	5
Malang	3	the	0.5678	3	1.0000	1
Mary	4	mary	7.0596	4	1.0000	1
Mary	4	of	1.2835	4	1.0000	2
Mary	4	be	0.9345	4	1.0000	3
Mary	4	the	0.5678	4	1.0000	4
Mary	4	and	0.1893	4	1.0000	5
Messiah	5	be	0.9345	5	1.0000	1
Messiah	5	he	0.5174	5	1.0000	2
Messiah	5	and	0.1893	5	1.0000	3
Messiah	5	christ	5.8897	4	0.8000	4
Messiah	5	the	0.2458	4	0.8000	5
Mibuupi	5	the	0.5678	5	1.0000	1
Mibuupi	5	and	0.1893	5	1.0000	2
Mibuupi	5	multitude	5.0596	4	0.8000	3
Mibuupi	5	unto	0.8964	3	0.6000	4
Mibuupi	5	they	0.2267	3	0.6000	5
Mibuupihae	3	unto	1.6334	3	1.0000	1
Mibuupihae	3	they	0.9637	3	1.0000	2
Mibuupihae	3	the	0.5678	3	1.0000	3
Mibuupihae	3	he	0.5174	3	1.0000	4
Mibuupihae	3	and	0.1893	3	1.0000	5
Mih	8	of	0.8685	6	0.7500	1
Mih	8	they	0.2856	5	0.6250	2
Mih	8	be	0.2564	5	0.6250	3
Mih	8	see	2.6267	4	0.5000	4
Mih	8	all	2.3371	4	0.5000	5
Mimin	18	and	0.1893	18	1.0000	1
Mimin	18	they	0.7007	15	0.8333	2
Mimin	18	the	0.2052	14	0.7778	3
Mimin	18	he	0.0479	13	0.7222	4
Mimin	18	say	0.5563	10	0.5556	5
Mirumhae	3	rich	7.0596	3	1.0000	1
Mirumhae	3	into	3.0778	3	1.0000	2
Mirumhae	3	the	0.5678	3	1.0000	3
Moses	9	and	0.1893	9	1.0000	1
Moses	9	mose	6.2116	8	0.8889	2
Moses	9	say	1.0417	7	0.7778	3
Moses	9	you	1.2497	6	0.6667	4
Moses	9	unto	1.0484	6	0.6667	5
Mua	4	of	1.2835	4	1.0000	1
Mua	4	the	0.5678	4	1.0000	2
Mua	4	and	0.1893	4	1.0000	3
Mua	4	they	0.5487	3	0.7500	4
Mua	4	he	0.1023	3	0.7500	5
Muisaw	5	the	0.5678	5	1.0000	1
Muisaw	5	he	0.1954	4	0.8000	2
Muisaw	5	ghost	6.0596	3	0.6000	3
Muisaw	5	holy	5.8372	3	0.6000	4
Na	18	you	1.6647	16	0.8889	1
Na	18	say	1.0417	14	0.7778	2
Na	18	he	0.0479	13	0.7222	3
Na	18	be	0.3495	12	0.6667	4
Na	18	for	0.9262	6	0.3333	5
Nae	14	you	1.7277	13	0.9286	1
Nae	14	and	0.0823	13	0.9286	2
Nae	14	unto	1.2854	11	0.7857	3
Nae	14	say	1.0563	11	0.7857	4
Nae	14	the	0.0823	10	0.7143	5
Naemaw	3	you	1.8346	3	1.0000	1
Naemaw	3	they	0.9637	3	1.0000	2
Naemaw	3	he	0.5174	3	1.0000	3
Naemaw	3	and	0.1893	3	1.0000	4
Nah	5	you	1.8346	5	1.0000	1
Nah	5	say	1.4043	5	1.0000	2
Nah	5	and	0.1893	5	1.0000	3
Nah	5	not	2.2523	4	0.8000	4
Nah	5	it	2.1770	4	0.8000	5
Nang	6	you	1.8346	6	1.0000	1
Nang	6	say	1.4043	6	1.0000	2
Nang	6	be	0.6714	5	0.8333	3
Nang	6	of	0.6985	4	0.6667	4
Nang	6	god	2.9553	3	0.5000	5
Nanin	6	be	0.9345	6	1.0000	1
Nanin	6	you	1.2497	4	0.6667	2
Nanin	6	they	0.3787	4	0.6667	3
Nanin	6	with	1.5871	3	0.5000	4
Nanin	6	but	1.5236	3	0.5000	5
Nazareth	3	nazareth	7.0596	3	1.0000	1
Nazareth	3	jesu	2.8580	3	1.0000	2
Nazareth	3	to	1.8346	3	1.0000	3
Nazareth	3	of	1.2835	3	1.0000	4
Nazareth	3	be	0.9345	3	1.0000	5
Ngaetua	3	behold	5.5742	3	1.0000	1
Oliv	3	of	1.2835	3	1.0000	1
Oliv	3	the	0.5678	3	1.0000	2
Oliv	3	and	0.1893	3	1.0000	3
Oun	7	the	0.3454	6	0.8571	1
Oun	7	be	0.4490	5	0.7143	2
Oun	7	man	2.0350	4	0.5714	3
Oun	7	you	1.0273	4	0.5714	4
Oun	7	unto	0.8260	4	0.5714	5
Pachia	73	the	0.3552	63	0.8630	1
Pachia	73	be	0.3885	50	0.6849	2
Pachia	73	of	0.6786	48	0.6575	3
Pachia	73	god	3.1917	43	0.5890	4
Pachia	73	say	0.4239	37	0.5068	5
Paw	11	and	0.1893	11	1.0000	1
Paw	11	you	1.3752	8	0.7273	2
Paw	11	he	0.0579	8	0.7273	3
Paw	11	unto	0.9813	7	0.6364	4
Paw	11	say	0.7522	7	0.6364	5
Pawcce	9	and	0.1893	9	1.0000	1
Pawcce	9	he	0.3474	8	0.8889	2
Pawcce	9	why	4.6970	7	0.7778	3
Pawcce	9	you	1.4721	7	0.7778	4
Pawcce	9	say	1.0417	7	0.7778	5
Pawccecize	12	for	2.5112	12	1.0000	1
Pawccecize	12	the	0.3047	10	0.8333	2
Pawccecize	12	be	0.1569	7	0.5833	3
Pawccecize	12	shall	1.7377	6	0.5000	4
Pawccecize	12	of	0.2835	6	0.5000	5
Pawccemou	8	why	4.8670	7	0.8750	1
Pawccemou	8	say	1.2116	7	0.8750	2
Pawccemou	8	he	0.3247	7	0.8750	3
Pawccemou	8	you	1.4196	6	0.7500	4
Pawccemou	8	unto	0.9553	5	0.6250	5
Pawmou	4	unto	1.6334	4	1.0000	1
Pawmou	4	say	1.4043	4	1.0000	2
Pawmou	4	and	0.1893	4	1.0000	3
Pawmou	4	what	3.3518	3	0.7500	4
Pawmou	4	you	1.4196	3	0.7500	5
Pawtemou	8	he	0.1023	6	0.7500	1
Pawtemou	8	to	1.1566	5	0.6250	2
Pawtemou	8	be	0.2564	5	0.6250	3
Pawtemou	8	what	2.7668	4	0.5000	4
Pawtemou	8	say	0.4043	4	0.5000	5
Peenaw	15	the	0.5678	15	1.0000	1
Peenaw	15	kingdom	5.1121	14	0.9333	2
Peenaw	15	of	1.1840	14	0.9333	3
Peenaw	15	god	3.7488	13	0.8667	4
Peenaw	15	say	1.0823	12	0.8000	5
Peter	24	he	0.3918	22	0.9167	1
Peter	24	peter	4.7186	18	0.7500	2
Peter	24	say	0.8193	16	0.6667	3
Peter	24	you	0.9501	13	0.5417	4
Peter	24	to	0.7091	11	0.4583	5
Phung	4	lawful	6.7966	4	1.0000	1
Phung	4	be	0.9345	4	1.0000	2
Phung	4	the	0.5678	4	1.0000	3
Phung	4	he	0.5174	4	1.0000	4
Phung	4	and	0.1893	4	1.0000	5
Phungbya	20	scribe	4.9221	20	1.0000	1
Phungbya	20	the	0.5678	20	1.0000	2
Phungbya	20	he	0.4434	19	0.9500	3
Phungbya	20	and	0.1152	19	0.9500	4
Phungbya	20	they	0.3422	13	0.6500	5
Pilat	12	he	0.2543	10	0.8333	1
Pilat	12	the	0.1527	9	0.7500	2
Pilat	12	pilate	5.6267	8	0.6667	3
Pilat	12	unto	1.0484	8	0.6667	4
Pilat	12	they	0.1861	7	0.5833	5
Pongpou	5	he	0.5174	5	1.0000	1
Pongpou	5	they	0.6418	4	0.8000	2
Pongpou	5	the	0.2458	4	0.8000	3
Pongpou	5	disciple	3.2183	3	0.6000	4
Pongpou	5	go	2.2870	3	0.6000	5
Pou	3	and	0.1893	3	1.0000	1
Poy	3	they	0.9637	3	1.0000	1
Sabbath	9	sabbath	6.2116	9	1.0000	1
Sabbath	9	the	0.5678	9	1.0000	2
Sabbath	9	he	0.3474	8	0.8889	3
Sabbath	9	and	0.0193	8	0.8889	4
Sabbath	9	they	0.6011	7	0.7778	5
Sanglou	5	they	0.9637	5	1.0000	1
Sanglou	5	and	0.1893	5	1.0000	2
Sanglou	5	he	0.1954	4	0.8000	3
Sanglou	5	bread	4.8372	3	0.6000	4
Sanglou	5	have	1.4254	3	0.6000	5
Satan	13	and	0.0738	12	0.9231	1
Satan	13	he	0.2763	11	0.8462	2
Satan	13	out	2.7013	9	0.6923	3
Satan	13	be	0.2340	8	0.6154	4
Satan	13	of	0.3904	7	0.5385	5
Saya	13	master	5.3815	13	1.0000	1
Saya	13	and	0.1893	13	1.0000	2
Saya	13	say	1.1633	11	0.8462	3
Saya	13	he	0.2763	11	0.8462	4
Saya	13	unto	1.1028	9	0.6923	5
Siangpahrang	5	the	0.5678	5	1.0000	1
Siangpahrang	5	of	0.9616	4	0.8000	2
Siangpahrang	5	be	0.6125	4	0.8000	3
Siangpahrang	5	he	0.1954	4	0.8000	4
Siangpahrang	5	to	1.0977	3	0.6000	5
Silawtu	13	priest	4.9221	13	1.0000	1
Silawtu	13	the	0.5678	13	1.0000	2
Silawtu	13	and	0.0738	12	0.9231	3
Silawtu	13	he	0.2763	11	0.8462	4
Silawtu	13	high	5.2217	8	0.6154	5
Simon	10	and	0.1893	10	1.0000	1
Simon	10	simon	6.0596	9	0.9000	2
Simon	10	he	0.1954	8	0.8000	3
Simon	10	of	0.7689	7	0.7000	4
Simon	10	they	0.4491	7	0.7000	5
Taia	3	from	3.6536	3	1.0000	1
Taia	3	he	0.5174	3	1.0000	2
Taia	3	and	0.1893	3	1.0000	3
Te	42	and	0.1893	42	1.0000	1
Te	42	the	0.0823	30	0.7143	2
Te	42	they	0.2718	26	0.6190	3
Te	42	say	0.0994	17	0.4048	4
Te	42	you	0.3492	15	0.3571	5
Thehooy	4	the	0.5678	4	1.0000	1
Thehooy	4	gospel	6.3815	3	0.7500	2
Thehooy	4	god	3.5402	3	0.7500	3
Thehooy	4	of	0.8685	3	0.7500	4
Thehooy	4	be	0.5194	3	0.7500	5
Thuasalama	51	but	2.0606	37	0.7255	1
Thuasalama	51	the	0.0653	36	0.7059	2
Thuasalama	51	be	0.3064	33	0.6471	3
Thuasalama	51	they	0.0986	28	0.5490	4
Thuasalama	51	that	0.6456	25	0.4902	5
Thya	4	ghost	6.7966	4	1.0000	1
Thya	4	holy	6.5742	4	1.0000	2
Thya	4	the	0.5678	4	1.0000	3
Thya	4	shall	2.3226	3	0.7500	4
Thya	4	but	2.1085	3	0.7500	5
Tuh	26	and	0.0738	24	0.9231	1
Tuh	26	be	0.6263	21	0.8077	2
Tuh	26	the	0.1893	20	0.7692	3
Tuh	26	say	0.2888	12	0.4615	4
Tuh	26	it	1.2579	11	0.4231	5
Tuhawte	3	he	0.5174	3	1.0000	1
Tuhawte	3	and	0.1893	3	1.0000	2
Tuili	6	the	0.5678	6	1.0000	1
Tuili	6	and	0.1893	6	1.0000	2
Tuili	6	he	0.2543	5	0.8333	3
Tuili	6	sea	4.8897	4	0.6667	4
Tuili	6	unto	1.0484	4	0.6667	5
Tuin	9	the	0.3978	8	0.8889	1
Tuin	9	and	0.0193	8	0.8889	2
Tuin	9	of	0.6985	6	0.6667	3
Tuin	9	they	0.3787	6	0.6667	4
Tuin	9	be	0.3495	6	0.6667	5
Tuinkya	10	and	0.1893	10	1.0000	1
Tuinkya	10	he	0.1954	8	0.8000	2
Tuinkya	10	have	1.6478	7	0.7000	3
Tuinkya	10	they	0.4491	7	0.7000	4
Tuinkya	10	be	0.4199	7	0.7000	5
Tuinte	42	and	0.1545	41	0.9762	1
Tuinte	42	he	0.2950	36	0.8571	2
Tuinte	42	the	0.0823	30	0.7143	3
Tuinte	42	they	0.4294	29	0.6905	4
Tuinte	42	unto	0.7005	22	0.5238	5
Tukeiccuze	33	and	0.0517	30	0.9091	1
Tukeiccuze	33	he	0.1734	26	0.7879	2
Tukeiccuze	33	they	0.0068	17	0.5152	3
Tukeiccuze	33	to	0.7903	16	0.4848	4
Tukeiccuze	33	have	0.4399	10	0.3030	5
Tukoute	9	and	0.1893	9	1.0000	1
Tukoute	9	he	0.3474	8	0.8889	2
Tukoute	9	in	1.3144	5	0.5556	3
Tukoute	9	to	0.9867	5	0.5556	4
Tukoute	9	they	0.1157	5	0.5556	5
Tute	5	they	0.9637	5	1.0000	1
Tute	5	and	0.1893	5	1.0000	2
Tute	5	the	0.2458	4	0.8000	3
Tute	5	he	0.1954	4	0.8000	4
Tute	5	to	1.0977	3	0.6000	5
Vaekheitmawte	8	and	0.1893	8	1.0000	1
Vaekheitmawte	8	the	0.1527	6	0.7500	2
Vaekheitmawte	8	he	0.1023	6	0.7500	3
Vaekheitmawte	8	straightway	4.4555	5	0.6250	4
Vaekheitmawte	8	immediately	3.8790	3	0.3750	5
Zebedi	3	jame	5.6811	3	1.0000	1
Zebedi	3	john	4.7377	3	1.0000	2
Zebedi	3	son	4.1336	3	1.0000	3
Zebedi	3	of	1.2835	3	1.0000	4
Zebedi	3	the	0.5678	3	1.0000	5
Zuituhae	6	they	0.9637	6	1.0000	1
Zuituhae	6	the	0.3047	5	0.8333	2
Zuituhae	6	say	0.8193	4	0.6667	3
Zuituhae	6	one	2.7377	3	0.5000	4
Zuituhae	6	to	0.8346	3	0.5000	5
Zynnaw	5	he	0.1954	4	0.8000	1
Zynnaw	5	you	1.0977	3	0.6000	2
Zynnaw	5	unto	0.8964	3	0.6000	3
Zynnaw	5	say	0.6673	3	0.6000	4
Zynnaw	5	of	0.5465	3	0.6000	5
abang	18	and	0.1893	18	1.0000	1
abang	18	the	0.2052	14	0.7778	2
abang	18	they	0.4942	13	0.7222	3
abang	18	of	0.5730	11	0.6111	4
abang	18	some	4.5112	8	0.4444	5
acyikupaw	3	tell	5.2116	3	1.0000	1
acyikupaw	3	be	0.9345	3	1.0000	2
acyikupaw	3	the	0.5678	3	1.0000	3
acyikupaw	3	and	0.1893	3	1.0000	4
ae	46	and	0.0580	42	0.9130	1
ae	46	you	1.3111	32	0.6957	2
ae	46	say	0.4657	24	0.5217	3
ae	46	unto	0.5692	22	0.4783	4
ae	46	of	0.0819	20	0.4348	5
aelangpaw	6	and	0.1893	6	1.0000	1
aelangpaw	6	they	0.7007	5	0.8333	2
aelangpaw	6	the	0.3047	5	0.8333	3
aelangpaw	6	eat	4.3371	4	0.6667	4
aelangpaw	6	with	2.0022	4	0.6667	5
aepaw	3	and	0.1893	3	1.0000	1
ah	257	and	0.0478	233	0.9066	1
ah	257	they	0.5050	187	0.7276	2
ah	257	the	0.1013	186	0.7237	3
ah	257	of	0.0328	108	0.4202	4
ah	257	to	0.1689	81	0.3152	5
ahooy	3	you	1.8346	3	1.0000	1
ahooy	3	be	0.9345	3	1.0000	2
ahooy	3	and	0.1893	3	1.0000	3
ahooyhua	5	for	2.5112	5	1.0000	1
ahooyhua	5	it	2.4989	5	1.0000	2
ahooyhua	5	be	0.9345	5	1.0000	3
ahooyhua	5	the	0.5678	5	1.0000	4
ahooyhua	5	better	6.7377	4	0.8000	5
ahooypaw	3	and	0.1893	3	1.0000	1
aloku	3	of	1.2835	3	1.0000	1
aloku	3	the	0.5678	3	1.0000	2
amaw	21	he	0.5174	21	1.0000	1
amaw	21	and	0.0449	19	0.9048	2
amaw	21	with	1.5167	10	0.4762	3
amaw	21	have	0.5774	7	0.3333	4
amaw	21	to	0.0273	6	0.2857	5
an	15	and	0.0897	14	0.9333	1
an	15	be	0.6125	12	0.8000	2
an	15	the	0.2458	12	0.8000	3
an	15	he	0.0699	11	0.7333	4
an	15	they	0.3787	10	0.6667	5
anaevae	4	be	0.9345	4	1.0000	1
anaevae	4	the	0.5678	4	1.0000	2
anaevae	4	when	2.1721	3	0.7500	3
anaevae	4	you	1.4196	3	0.7500	4
annaw	8	sign	6.1185	5	0.6250	1
annaw	8	shall	1.7377	4	0.5000	2
annaw	8	in	1.1624	4	0.5000	3
annaw	8	that	0.6742	4	0.5000	4
annaw	8	work	5.3815	3	0.3750	5
arangte	3	he	0.5174	3	1.0000	1
arangte	3	and	0.1893	3	1.0000	2
arulangte	3	the	0.5678	3	1.0000	1
arulangte	3	he	0.5174	3	1.0000	2
arulangte	3	and	0.1893	3	1.0000	3
asuilan	5	be	0.9345	5	1.0000	1
asuilan	5	he	0.5174	5	1.0000	2
asuilan	5	say	1.0823	4	0.8000	3
asuilan	5	to	1.0977	3	0.6000	4
asuilan	5	that	0.9372	3	0.6000	5
athanaw	4	be	0.9345	4	1.0000	1
athanaw	4	and	0.1893	4	1.0000	2
athanaw	4	but	2.1085	3	0.7500	3
athanaw	4	the	0.1527	3	0.7500	4
athua	79	be	0.4887	58	0.7342	1
athua	79	the	0.0189	54	0.6835	2
athua	79	say	0.2704	36	0.4557	3
athua	79	of	0.0241	33	0.4177	4
athua	79	for	1.0148	28	0.3544	5
athuavae	4	you	1.8346	4	1.0000	1
athuavae	4	say	1.4043	4	1.0000	2
athuavae	4	of	1.2835	4	1.0000	3
athuavae	4	be	0.9345	4	1.0000	4
athuavae	4	the	0.5678	4	1.0000	5
athuaze	5	you	1.5127	4	0.8000	1
athuaze	5	say	1.0823	4	0.8000	2
athuaze	5	he	0.1954	4	0.8000	3
athuaze	5	if	3.6002	3	0.6000	4
athuaze	5	to	1.0977	3	0.6000	5
atolang	3	without	6.0596	3	1.0000	1
atolang	3	they	0.9637	3	1.0000	2
atolang	3	the	0.5678	3	1.0000	3
atolang	3	he	0.5174	3	1.0000	4
atu	5	and	0.1893	5	1.0000	1
atu	5	in	1.8404	4	0.8000	2
atu	5	the	0.2458	4	0.8000	3
atu	5	thi	3.1851	3	0.6000	4
atu	5	shall	2.0007	3	0.6000	5
aw	5	the	0.5678	5	1.0000	1
aw	5	you	1.5127	4	0.8000	2
aw	5	he	0.1954	4	0.8000	3
aw	5	deny	6.0596	3	0.6000	4
aw	5	when	1.8502	3	0.6000	5
awkhua	3	in	2.1624	3	1.0000	1
awkhua	3	they	0.9637	3	1.0000	2
awkhua	3	the	0.5678	3	1.0000	3
awkhua	3	and	0.1893	3	1.0000	4
bakhung	3	fell	6.0596	3	1.0000	1
bakhung	3	of	1.2835	3	1.0000	2
bakhung	3	he	0.5174	3	1.0000	3
bakhung	3	and	0.1893	3	1.0000	4
bakuhaepaw	3	they	0.9637	3	1.0000	1
bakuhaepaw	3	he	0.5174	3	1.0000	2
bakuhaepaw	3	and	0.1893	3	1.0000	3
bakupaw	7	he	0.5174	7	1.0000	1
bakupaw	7	and	0.1893	7	1.0000	2
bakupaw	7	be	0.4490	5	0.7143	3
bakupaw	7	the	0.0823	5	0.7143	4
bakupaw	7	out	2.4244	4	0.5714	5
balyn	55	the	0.1787	42	0.7636	1
balyn	55	he	0.0214	39	0.7091	2
balyn	55	be	0.1975	33	0.6000	3
balyn	55	all	2.5100	31	0.5636	4
balyn	55	they	0.0403	29	0.5273	5
balynte	10	and	0.1893	10	1.0000	1
balynte	10	the	0.4158	9	0.9000	2
balynte	10	all	3.0152	8	0.8000	3
balynte	10	be	0.6125	8	0.8000	4
balynte	10	they	0.4491	7	0.7000	5
banan	4	cup	6.5742	4	1.0000	1
banan	4	and	0.1893	4	1.0000	2
banan	4	not	2.1592	3	0.7500	3
banan	4	of	0.8685	3	0.7500	4
banan	4	they	0.5487	3	0.7500	5
banhae	3	be	0.9345	3	1.0000	1
banhae	3	he	0.5174	3	1.0000	2
baptisma	7	baptiz	6.3112	5	0.7143	1
baptisma	7	of	0.7981	5	0.7143	2
baptisma	7	be	0.4490	5	0.7143	3
baptisma	7	the	0.0823	5	0.7143	4
baptisma	7	john	3.5153	3	0.4286	5
bawi	4	of	0.8685	3	0.7500	1
bawi	4	the	0.1527	3	0.7500	2
bawi	4	he	0.1023	3	0.7500	3
bawm	4	the	0.5678	4	1.0000	1
bawm	4	and	0.1893	4	1.0000	2
bawm	4	with	2.1721	3	0.7500	3
bawm	4	you	1.4196	3	0.7500	4
bawtaryte	3	with	2.5871	3	1.0000	1
bawtaryte	3	the	0.5678	3	1.0000	2
bawtaryte	3	he	0.5174	3	1.0000	3
bawtaryte	3	and	0.1893	3	1.0000	4
beh	7	and	0.1893	7	1.0000	1
beh	7	you	1.6123	6	0.8571	2
beh	7	he	0.2950	6	0.8571	3
beh	7	have	1.6769	5	0.7143	4
beh	7	that	1.1888	5	0.7143	5
bei	3	and	0.1893	3	1.0000	1
boei	13	and	0.1893	13	1.0000	1
boei	13	the	0.3268	11	0.8462	2
boei	13	he	0.1388	10	0.7692	3
boei	13	in	1.2693	7	0.5385	4
boei	13	they	0.0706	7	0.5385	5
boeiki	3	be	0.9345	3	1.0000	1
boy	7	be	0.9345	7	1.0000	1
boy	7	and	0.1893	7	1.0000	2
boy	7	they	0.4783	5	0.7143	3
boy	7	he	0.0319	5	0.7143	4
boy	7	that	0.8668	4	0.5714	5
bua	45	and	0.0549	41	0.9111	1
bua	45	he	0.3109	39	0.8667	2
bua	45	the	0.2052	35	0.7778	3
bua	45	they	0.0568	24	0.5333	4
bua	45	again	2.9422	14	0.3111	5
bung	3	the	0.5678	3	1.0000	1
bung	3	and	0.1893	3	1.0000	2
bya	39	and	0.1133	37	0.9487	1
bya	39	the	0.0372	27	0.6923	2
bya	39	they	0.2633	24	0.6154	3
bya	39	be	0.1726	23	0.5897	4
bya	39	of	0.1680	18	0.4615	5
ccacci	4	he	0.5174	4	1.0000	1
ccacci	4	and	0.1893	4	1.0000	2
ccaccing	5	say	1.4043	5	1.0000	1
ccaccing	5	he	0.5174	5	1.0000	2
ccaccing	5	you	1.5127	4	0.8000	3
ccaccing	5	unto	1.3114	4	0.8000	4
ccaccing	5	be	0.6125	4	0.8000	5
ccaci	4	and	0.1893	4	1.0000	1
ccaci	4	fell	5.6446	3	0.7500	2
ccaci	4	some	5.2661	3	0.7500	3
ccaci	4	up	3.4119	3	0.7500	4
ccaci	4	the	0.1527	3	0.7500	5
ccacite	4	sown	6.7966	4	1.0000	1
ccacite	4	word	5.2941	4	1.0000	2
ccacite	4	these	4.8580	4	1.0000	3
ccacite	4	hear	4.1336	4	1.0000	4
ccacite	4	they	0.9637	4	1.0000	5
ccaerarilang	3	he	0.5174	3	1.0000	1
ccaerarilang	3	and	0.1893	3	1.0000	2
ccah	6	and	0.1893	6	1.0000	1
ccah	6	that	1.0892	4	0.6667	2
ccah	6	fell	5.0596	3	0.5000	3
ccah	6	some	4.6811	3	0.5000	4
ccah	6	up	2.8270	3	0.5000	5
ccang	3	say	1.4043	3	1.0000	1
ccang	3	they	0.9637	3	1.0000	2
ccang	3	he	0.5174	3	1.0000	3
ccangpaw	15	and	0.1893	15	1.0000	1
ccangpaw	15	he	0.0699	11	0.7333	2
ccangpaw	15	be	0.1975	9	0.6000	3
ccangpaw	15	they	0.0568	8	0.5333	4
ccangpaw	15	in	1.0628	7	0.4667	5
ccankheit	4	he	0.5174	4	1.0000	1
ccankheit	4	and	0.1893	4	1.0000	2
ccankheit	4	of	0.8685	3	0.7500	3
ccankheit	4	the	0.1527	3	0.7500	4
ccanpya	17	and	0.1893	17	1.0000	1
ccanpya	17	the	0.2877	14	0.8235	2
ccanpya	17	he	0.2372	14	0.8235	3
ccanpya	17	they	0.4612	12	0.7059	4
ccanpya	17	be	0.3064	11	0.6471	5
ccanpyahaepaw	3	they	0.9637	3	1.0000	1
ccanpyahaepaw	3	be	0.9345	3	1.0000	2
ccanpyahaepaw	3	and	0.1893	3	1.0000	3
ccanpyanaw	6	the	0.5678	6	1.0000	1
ccanpyanaw	6	and	0.1893	6	1.0000	2
ccanpyanaw	6	of	0.6985	4	0.6667	3
ccanpyanaw	6	tradition	6.0596	3	0.5000	4
ccanpyanaw	6	not	1.5742	3	0.5000	5
ccanthum	3	be	0.9345	3	1.0000	1
ccanthum	3	the	0.5678	3	1.0000	2
ccanthum	3	and	0.1893	3	1.0000	3
ccanung	8	daughter	6.3815	8	1.0000	1
ccanung	8	of	1.0909	7	0.8750	2
ccanung	8	he	0.3247	7	0.8750	3
ccanung	8	be	0.5194	6	0.7500	4
ccanung	8	the	0.1527	6	0.7500	5
ccapaw	13	the	0.4523	12	0.9231	1
ccapaw	13	they	0.5852	10	0.7692	2
ccapaw	13	son	3.2405	7	0.5385	3
ccapaw	13	of	0.3904	7	0.5385	4
ccapaw	13	be	0.0414	7	0.5385	5
ccavae	3	unto	1.6334	3	1.0000	1
ccavae	3	say	1.4043	3	1.0000	2
ccavae	3	and	0.1893	3	1.0000	3
ccaw	12	the	0.1527	9	0.7500	1
ccaw	12	be	0.1569	7	0.5833	2
ccaw	12	if	3.0741	5	0.4167	3
ccaw	12	to	0.5716	5	0.4167	4
ccaw	12	you	0.5716	5	0.4167	5
ccawe	5	to	1.5127	4	0.8000	1
ccawe	5	they	0.6418	4	0.8000	2
ccawe	5	the	0.2458	4	0.8000	3
ccawe	5	he	0.1954	4	0.8000	4
ccawe	5	be	0.1975	3	0.6000	5
ccawhae	10	the	0.4158	9	0.9000	1
ccawhae	10	and	0.0372	9	0.9000	2
ccawhae	10	be	0.4199	7	0.7000	3
ccawhae	10	unto	0.8964	6	0.6000	4
ccawhae	10	they	0.2267	6	0.6000	5
ccei	10	and	0.0372	9	0.9000	1
ccei	10	they	0.6418	8	0.8000	2
ccei	10	the	0.2458	8	0.8000	3
ccei	10	go	2.0240	5	0.5000	4
ccei	10	to	0.8346	5	0.5000	5
cceih	50	and	0.1304	48	0.9600	1
cceih	50	he	0.2311	41	0.8200	2
cceih	50	the	0.2093	39	0.7800	3
cceih	50	they	0.0747	27	0.5400	4
cceih	50	unto	0.6899	26	0.5200	5
cceihaepaw	4	he	0.5174	4	1.0000	1
cceihaepaw	4	and	0.1893	4	1.0000	2
cceihaepaw	4	come	1.9004	3	0.7500	3
cceihaepaw	4	say	0.9892	3	0.7500	4
cceihaepaw	4	they	0.5487	3	0.7500	5
cceiza	18	and	0.1068	17	0.9444	1
cceiza	18	he	0.2543	15	0.8333	2
cceiza	18	come	1.9529	14	0.7778	3
cceiza	18	the	0.2052	14	0.7778	4
cceiza	18	of	0.4355	10	0.5556	5
cci	3	he	0.5174	3	1.0000	1
cci	3	and	0.1893	3	1.0000	2
ccia	6	they	0.9637	6	1.0000	1
ccia	6	the	0.5678	6	1.0000	2
ccia	6	and	0.1893	6	1.0000	3
ccia	6	as	3.2116	5	0.8333	4
ccia	6	he	0.2543	5	0.8333	5
cciakhae	15	and	0.1893	15	1.0000	1
cciakhae	15	he	0.4178	14	0.9333	2
cciakhae	15	they	0.5162	11	0.7333	3
cciakhae	15	to	0.9278	8	0.5333	4
cciakhae	15	unto	0.7265	8	0.5333	5
ccianua	3	come	2.3155	3	1.0000	1
ccianua	3	to	1.8346	3	1.0000	2
ccianua	3	be	0.9345	3	1.0000	3
ccianua	3	and	0.1893	3	1.0000	4
ccianung	3	brother	5.3815	3	1.0000	1
ccianung	3	mother	5.1336	3	1.0000	2
ccianung	3	for	2.5112	3	1.0000	3
ccianung	3	the	0.5678	3	1.0000	4
ccianung	3	and	0.1893	3	1.0000	5
cciasah	3	go	3.0240	3	1.0000	1
cciasah	3	and	0.1893	3	1.0000	2
cciataw	9	and	0.1893	9	1.0000	1
cciataw	9	the	0.3978	8	0.8889	2
cciataw	9	they	0.6011	7	0.7778	3
cciataw	9	be	0.0865	5	0.5556	4
cciataw	9	ship	3.6267	3	0.3333	5
cciate	3	the	0.5678	3	1.0000	1
cciate	3	he	0.5174	3	1.0000	2
cciate	3	and	0.1893	3	1.0000	3
ccih	5	and	0.1893	5	1.0000	1
ccih	5	be	0.6125	4	0.8000	2
ccih	5	the	0.2458	4	0.8000	3
ccih	5	compassion	6.3226	3	0.6000	4
ccih	5	on	2.7619	3	0.6000	5
ccinaw	4	be	0.9345	4	1.0000	1
ccinaw	4	and	0.1893	4	1.0000	2
ccinaw	4	have	1.7473	3	0.7500	3
ccinaw	4	of	0.8685	3	0.7500	4
ccinaw	4	he	0.1023	3	0.7500	5
ccu	3	that	1.6742	3	1.0000	1
ccu	3	be	0.9345	3	1.0000	2
ccu	3	the	0.5678	3	1.0000	3
ccu	3	and	0.1893	3	1.0000	4
cculeipaw	3	fell	6.0596	3	1.0000	1
cculeipaw	3	come	2.3155	3	1.0000	2
cculeipaw	3	he	0.5174	3	1.0000	3
cculeipaw	3	and	0.1893	3	1.0000	4
ccung	9	they	0.7938	8	0.8889	1
ccung	9	he	0.1548	7	0.7778	2
ccung	9	be	0.0865	5	0.5556	3
ccung	9	all	2.1672	4	0.4444	4
ccung	9	for	1.3413	4	0.4444	5
ccungccapaw	21	he	0.3730	19	0.9048	1
ccungccapaw	21	and	0.0449	19	0.9048	2
ccungccapaw	21	the	0.2629	17	0.8095	3
ccungccapaw	21	be	0.2426	13	0.6190	4
ccungccapaw	21	have	0.9400	9	0.4286	5
ccungccaw	52	and	0.0124	46	0.8846	1
ccungccaw	52	they	0.0706	28	0.5385	2
ccungccaw	52	be	0.0414	28	0.5385	3
ccungccaw	52	man	1.6655	23	0.4423	4
ccungccaw	52	of	0.0425	22	0.4231	5
ccungccawhae	35	and	0.0142	31	0.8857	1
ccungccawhae	35	he	0.1430	27	0.7714	2
ccungccawhae	35	they	0.4783	25	0.7143	3
ccungccawhae	35	the	0.0823	25	0.7143	4
ccungccawhae	35	be	0.3901	24	0.6857	5
ccyh	19	and	0.0288	17	0.8947	1
ccyh	19	be	0.5934	15	0.7895	2
ccyh	19	the	0.2267	15	0.7895	3
ccyh	19	you	0.7566	9	0.4737	4
ccyh	19	when	1.3392	8	0.4211	5
chia	3	he	0.5174	3	1.0000	1
chia	3	and	0.1893	3	1.0000	2
chianawlangpaw	4	the	0.5678	4	1.0000	1
chianawlangpaw	4	he	0.5174	4	1.0000	2
chianawlangpaw	4	and	0.1893	4	1.0000	3
chianawlangpaw	4	sought	6.6446	3	0.7500	4
chianawlangpaw	4	might	5.1592	3	0.7500	5
chih	6	the	0.5678	6	1.0000	1
chih	6	se	5.5742	3	0.5000	2
chih	6	leave	4.0596	3	0.5000	3
chinaw	5	be	0.9345	5	1.0000	1
chinaw	5	the	0.2458	4	0.8000	2
chinaw	5	they	0.2267	3	0.6000	3
chivae	5	be	0.9345	5	1.0000	1
chivae	5	the	0.5678	5	1.0000	2
chivae	5	he	0.5174	5	1.0000	3
chivae	5	say	1.0823	4	0.8000	4
chivae	5	dead	5.1851	3	0.6000	5
ci	257	say	0.6654	154	0.5992	1
ci	257	be	0.1383	148	0.5759	2
ci	257	you	0.7598	122	0.4747	3
ci	257	of	0.1967	121	0.4708	4
ci	257	unto	0.4091	110	0.4280	5
cia	19	and	0.0288	17	0.8947	1
cia	19	be	0.5934	15	0.7895	2
cia	19	the	0.2267	15	0.7895	3
cia	19	to	0.7566	9	0.4737	4
cia	19	that	0.5962	9	0.4737	5
cih	73	and	0.0438	66	0.9041	1
cih	73	they	0.2657	45	0.6164	2
cih	73	be	0.2041	44	0.6027	3
cih	73	say	0.3437	35	0.4795	4
cih	73	of	0.1811	34	0.4658	5
cihaepaw	5	they	0.9637	5	1.0000	1
cihaepaw	5	and	0.1893	5	1.0000	2
cihaepaw	5	of	0.9616	4	0.8000	3
cihaepaw	5	be	0.6125	4	0.8000	4
cihaepaw	5	the	0.2458	4	0.8000	5
cikuh	3	be	0.9345	3	1.0000	1
cikuh	3	and	0.1893	3	1.0000	2
cinaw	5	and	0.1893	5	1.0000	1
cinaw	5	shall	2.0007	3	0.6000	2
cinaw	5	in	1.4254	3	0.6000	3
cinaw	5	you	1.0977	3	0.6000	4
cinaw	5	say	0.6673	3	0.6000	5
cipaw	6	and	0.1893	6	1.0000	1
cipaw	6	to	1.2497	4	0.6667	2
cipaw	6	they	0.3787	4	0.6667	3
cipaw	6	be	0.3495	4	0.6667	4
cipaw	6	in	1.1624	3	0.5000	5
cite	100	and	0.0690	92	0.9200	1
cite	100	he	0.2311	82	0.8200	2
cite	100	the	0.0737	71	0.7100	3
cite	100	say	0.7828	65	0.6500	4
cite	100	be	0.0185	53	0.5300	5
ciza	16	and	0.1893	16	1.0000	1
ciza	16	be	0.6349	13	0.8125	2
ciza	16	the	0.1527	12	0.7500	3
ciza	16	shall	1.7377	8	0.5000	4
ciza	16	that	0.6742	8	0.5000	5
cize	4	he	0.5174	4	1.0000	1
cize	4	for	2.0961	3	0.7500	2
cize	4	to	1.4196	3	0.7500	3
cize	4	be	0.5194	3	0.7500	4
cyi	10	do	2.6970	7	0.7000	1
cyi	10	he	0.0028	7	0.7000	2
cyi	10	you	1.0977	6	0.6000	3
cyi	10	have	1.1624	5	0.5000	4
cyi	10	unto	0.6334	5	0.5000	5
cyih	6	and	0.1893	6	1.0000	1
cyih	6	be	0.3495	4	0.6667	2
cyih	6	shall	1.7377	3	0.5000	3
cyih	6	you	0.8346	3	0.5000	4
cyih	6	to	0.8346	3	0.5000	5
cyikuh	5	thing	3.9892	5	1.0000	1
cyikuh	5	be	0.9345	5	1.0000	2
cyikuh	5	unto	1.3114	4	0.8000	3
cyikuh	5	say	1.0823	4	0.8000	4
cyikuh	5	all	2.6002	3	0.6000	5
dahung	7	and	0.1893	7	1.0000	1
dahung	7	sit	4.3012	6	0.8571	2
dahung	7	the	0.3454	6	0.8571	3
dahung	7	be	0.4490	5	0.7143	4
dahung	7	he	0.0319	5	0.7143	5
dahunghaepaw	3	sit	4.5236	3	1.0000	1
dahunghaepaw	3	they	0.9637	3	1.0000	2
dahunghaepaw	3	and	0.1893	3	1.0000	3
dang	7	be	0.7121	6	0.8571	1
dang	7	he	0.2950	6	0.8571	2
dang	7	the	0.0823	5	0.7143	3
dang	7	whole	4.7668	4	0.5714	4
dang	7	say	0.5969	4	0.5714	5
dangsah	4	heal	6.3815	4	1.0000	1
dangsah	4	that	1.6742	4	1.0000	2
dangsah	4	they	0.9637	4	1.0000	3
dangsah	4	many	3.7571	3	0.7500	4
dangsah	4	he	0.1023	3	0.7500	5
dei	8	and	0.1893	8	1.0000	1
dei	8	out	3.0392	7	0.8750	2
dei	8	cast	4.1085	6	0.7500	3
dei	8	they	0.5487	6	0.7500	4
dei	8	he	0.1023	6	0.7500	5
do	15	and	0.0897	14	0.9333	1
do	15	he	0.1954	12	0.8000	2
do	15	they	0.0568	8	0.5333	3
do	15	see	2.5271	7	0.4667	4
do	15	unto	0.5338	7	0.4667	5
dobiate	3	look	5.5742	3	1.0000	1
dobiate	3	say	1.4043	3	1.0000	2
dobiate	3	and	0.1893	3	1.0000	3
dynkhe	5	the	0.5678	5	1.0000	1
dynkhe	5	and	0.1893	5	1.0000	2
dynkhe	5	be	0.6125	4	0.8000	3
dynkhe	5	he	0.1954	4	0.8000	4
dynkhe	5	when	1.8502	3	0.6000	5
ebung	3	tree	6.7966	3	1.0000	1
ebung	3	the	0.5678	3	1.0000	2
ebung	3	and	0.1893	3	1.0000	3
eih	7	and	0.1893	7	1.0000	1
eih	7	he	0.2950	6	0.8571	2
eih	7	they	0.4783	5	0.7143	3
eih	7	be	0.4490	5	0.7143	4
eih	7	the	0.0823	5	0.7143	5
eihza	3	brake	7.0596	3	1.0000	1
eihza	3	give	4.0596	3	1.0000	2
eihza	3	take	3.4508	3	1.0000	3
eihza	3	to	1.8346	3	1.0000	4
eihza	3	they	0.9637	3	1.0000	5
elang	7	and	0.1893	7	1.0000	1
elang	7	he	0.0319	5	0.7143	2
elang	7	that	0.8668	4	0.5714	3
elang	7	it	1.2765	3	0.4286	4
elang	7	to	0.6123	3	0.4286	5
hae	341	and	0.0564	311	0.9120	1
hae	341	they	0.4926	246	0.7214	2
hae	341	he	0.0166	241	0.7067	3
hae	341	the	0.0610	240	0.7038	4
hae	341	to	0.2024	110	0.3226	5
haete	8	and	0.1893	8	1.0000	1
haete	8	he	0.3247	7	0.8750	2
haete	8	in	1.7473	6	0.7500	3
haete	8	of	0.8685	6	0.7500	4
haete	8	they	0.5487	6	0.7500	5
haeza	136	and	0.1242	130	0.9559	1
haeza	136	they	0.5627	103	0.7574	2
haeza	136	he	0.1164	103	0.7574	3
haeza	136	the	0.1097	99	0.7279	4
haeza	136	unto	0.0377	45	0.3309	5
haeze	12	be	0.5194	9	0.7500	1
haeze	12	they	0.3787	8	0.6667	2
haeze	12	for	1.5112	6	0.5000	3
haeze	12	of	0.2835	6	0.5000	4
haeze	12	if	3.0741	5	0.4167	5
hahe	3	be	0.9345	3	1.0000	1
hankhakheit	4	that	1.6742	4	1.0000	1
hankhakheit	4	and	0.1893	4	1.0000	2
hankhakheit	4	they	0.5487	3	0.7500	3
hanlang	25	and	0.0048	22	0.8800	1
hanlang	25	the	0.0938	18	0.7200	2
hanlang	25	for	1.9548	17	0.6800	3
hanlang	25	you	1.1908	16	0.6400	4
hanlang	25	say	0.7604	16	0.6400	5
hawte	22	and	0.0517	20	0.9091	1
hawte	22	the	0.1083	16	0.7273	2
hawte	22	as	2.7157	13	0.5909	3
hawte	22	be	0.1755	13	0.5909	4
hawte	22	unto	0.4958	10	0.4545	5
hein	3	say	1.4043	3	1.0000	1
hein	3	and	0.1893	3	1.0000	2
heinkya	5	be	0.6125	4	0.8000	1
heinkya	5	he	0.1954	4	0.8000	2
heinkya	5	here	5.4747	3	0.6000	3
heinkya	5	you	1.0977	3	0.6000	4
heinkya	5	say	0.6673	3	0.6000	5
hell	3	better	7.0596	3	1.0000	1
hell	3	fire	6.5742	3	1.0000	2
hell	3	offend	6.3815	3	1.0000	3
hell	3	than	5.6811	3	1.0000	4
hell	3	two	5.3815	3	1.0000	5
hiinnaw	10	the	0.4158	9	0.9000	1
hiinnaw	10	and	0.0372	9	0.9000	2
hiinnaw	10	shall	2.4158	8	0.8000	3
hiinnaw	10	life	5.8372	6	0.6000	4
hiinnaw	10	it	1.7619	6	0.6000	5
hin	4	and	0.1893	4	1.0000	1
hin	4	of	0.8685	3	0.7500	2
hmin	7	they	0.9637	7	1.0000	1
hmin	7	be	0.7121	6	0.8571	2
hmin	7	he	0.2950	6	0.8571	3
hmin	7	of	0.4762	4	0.5714	4
hmin	7	place	4.4587	3	0.4286	5
ho	40	he	0.1023	30	0.7500	1
ho	40	the	0.1038	29	0.7250	2
ho	40	they	0.1012	22	0.5500	3
ho	40	of	0.2095	19	0.4750	4
ho	40	say	0.1698	17	0.4250	5
hohaepaw	6	they	0.7007	5	0.8333	1
hohaepaw	6	not	1.9892	4	0.6667	2
hohaepaw	6	unto	1.0484	4	0.6667	3
hohaepaw	6	say	0.4043	3	0.5000	4
hohaepaw	6	of	0.2835	3	0.5000	5
hoi	25	and	0.0048	22	0.8800	1
hoi	25	they	0.5678	19	0.7600	2
hoi	25	have	1.6060	17	0.6800	3
hoi	25	say	0.5678	14	0.5600	4
hoi	25	you	0.8912	13	0.5200	5
hoipaw	12	he	0.2543	10	0.8333	1
hoipaw	12	to	1.0570	7	0.5833	2
hoipaw	12	have	1.1624	6	0.5000	3
hoipaw	12	say	0.4043	6	0.5000	4
hoipaw	12	shall	1.4747	5	0.4167	5
holang	5	shall	2.4158	4	0.8000	1
holang	5	he	0.1954	4	0.8000	2
holang	5	no	3.2523	3	0.6000	3
holang	5	do	2.4747	3	0.6000	4
holang	5	not	1.8372	3	0.6000	5
hooy	6	and	0.1893	6	1.0000	1
hooy	6	be	0.3495	4	0.6667	2
hooy	6	hear	3.1336	3	0.5000	3
hooy	6	do	2.2116	3	0.5000	4
hooyleipaw	4	they	0.5487	3	0.7500	1
hooyleipaw	4	he	0.1023	3	0.7500	2
hopah	9	and	0.1893	9	1.0000	1
hopah	9	they	0.7938	8	0.8889	2
hopah	9	say	1.0417	7	0.7778	3
hopah	9	unto	1.0484	6	0.6667	4
hopah	9	to	0.9867	5	0.5556	5
hopaw	12	he	0.1023	9	0.7500	1
hopaw	12	but	1.9386	8	0.6667	2
hopaw	12	you	1.2497	8	0.6667	3
hopaw	12	say	0.6267	7	0.5833	4
hopaw	12	be	0.1569	7	0.5833	5
hopya	35	unto	1.1479	25	0.7143	1
hopya	35	he	0.0319	25	0.7143	2
hopya	35	the	0.0234	24	0.6857	3
hopya	35	say	0.5969	20	0.5714	4
hopya	35	they	0.0823	19	0.5429	5
hou	9	and	0.0193	8	0.8889	1
hou	9	that	0.8262	5	0.5556	2
hou	9	more	4.2116	4	0.4444	3
hou	9	shall	1.5678	4	0.4444	4
hou	9	but	1.3536	4	0.4444	5
hozetmou	3	how	4.6267	3	1.0000	1
hozetmou	3	many	4.1721	3	1.0000	2
hozetmou	3	you	1.8346	3	1.0000	3
hozetmou	3	say	1.4043	3	1.0000	4
hozetmou	3	they	0.9637	3	1.0000	5
huhan	6	and	0.1893	6	1.0000	1
huhan	6	the	0.3047	5	0.8333	2
huhan	6	that	1.0892	4	0.6667	3
huhan	6	say	0.8193	4	0.6667	4
huhan	6	of	0.6985	4	0.6667	5
hum	26	and	0.0124	23	0.8846	1
hum	26	he	0.1388	20	0.7692	2
hum	26	the	0.1152	19	0.7308	3
hum	26	man	2.3119	18	0.6923	4
hum	26	they	0.1701	15	0.5769	5
hummou	7	be	0.4490	5	0.7143	1
hummou	7	who	4.6673	4	0.5714	2
hummou	7	say	0.5969	4	0.5714	3
hummou	7	have	0.9400	3	0.4286	4
hummou	7	to	0.6123	3	0.4286	5
humzema	6	shall	2.4747	5	0.8333	1
humzema	6	the	0.3047	5	0.8333	2
humzema	6	he	0.2543	5	0.8333	3
humzema	6	but	1.9386	4	0.6667	4
humzema	6	that	1.0892	4	0.6667	5
hyn	61	he	0.0785	45	0.7377	1
hyn	61	say	0.8658	42	0.6885	2
hyn	61	be	0.2891	39	0.6393	3
hyn	61	they	0.1622	35	0.5738	4
hyn	61	of	0.2597	30	0.4918	5
hynh	32	the	0.0913	23	0.7188	1
hynh	32	say	0.4917	17	0.5312	2
hynh	32	be	0.0219	17	0.5312	3
hynh	32	you	0.8346	16	0.5000	4
hynh	32	of	0.2835	16	0.5000	5
hynte	14	say	1.0563	11	0.7857	1
hynte	14	they	0.4783	10	0.7143	2
hynte	14	unto	0.8260	8	0.5714	3
hynte	14	you	0.8346	7	0.5000	4
hynte	14	of	0.2835	7	0.5000	5
imapaw	5	he	0.5174	5	1.0000	1
imapaw	5	and	0.1893	5	1.0000	2
imapaw	5	the	0.2458	4	0.8000	3
imapaw	5	spirit	4.3226	3	0.6000	4
imapaw	5	unto	0.8964	3	0.6000	5
imua	4	child	5.4747	4	1.0000	1
imua	4	in	1.7473	3	0.7500	2
imua	4	of	0.8685	3	0.7500	3
imua	4	he	0.1023	3	0.7500	4
imuahae	4	he	0.5174	4	1.0000	1
imuahae	4	and	0.1893	4	1.0000	2
imuahae	4	they	0.5487	3	0.7500	3
ing	4	that	1.6742	4	1.0000	1
ing	4	be	0.9345	4	1.0000	2
ing	4	the	0.5678	4	1.0000	3
ing	4	he	0.5174	4	1.0000	4
ing	4	and	0.1893	4	1.0000	5
ingnaw	3	but	2.5236	3	1.0000	1
ingnaw	3	be	0.9345	3	1.0000	2
ingnaw	3	and	0.1893	3	1.0000	3
inn	25	and	0.1304	24	0.9600	1
inn	25	the	0.2458	20	0.8000	2
inn	25	he	0.1214	19	0.7600	3
inn	25	be	0.2906	16	0.6400	4
inn	25	house	3.6871	14	0.5600	5
innthung	4	house	4.5236	4	1.0000	1
innthung	4	be	0.9345	4	1.0000	2
innthung	4	the	0.5678	4	1.0000	3
innthung	4	he	0.5174	4	1.0000	4
innthung	4	and	0.1893	4	1.0000	5
iphae	4	bed	6.5742	4	1.0000	1
iphae	4	up	3.8270	4	1.0000	2
iphae	4	and	0.1893	4	1.0000	3
iphae	4	take	3.0358	3	0.7500	4
iphae	4	it	2.0839	3	0.7500	5
it	8	and	0.1893	8	1.0000	1
it	8	he	0.3247	7	0.8750	2
it	8	they	0.5487	6	0.7500	3
it	8	you	1.1566	5	0.6250	4
it	8	unto	0.9553	5	0.6250	5
ka	62	say	1.0047	47	0.7581	1
ka	62	you	0.9248	33	0.5323	2
ka	62	of	0.0842	27	0.4355	3
ka	62	unto	0.2027	23	0.3710	4
ka	62	that	0.1123	21	0.3387	5
kae	52	say	1.0258	40	0.7692	1
kae	52	you	1.4196	39	0.7500	2
kae	52	unto	0.9773	33	0.6346	3
kae	52	of	0.3904	28	0.5385	4
kae	52	that	0.7286	27	0.5192	5
kaekah	3	sake	6.3815	3	1.0000	1
kaekah	3	shall	2.7377	3	1.0000	2
kaekah	3	but	2.5236	3	1.0000	3
kaekah	3	for	2.5112	3	1.0000	4
kaekah	3	the	0.5678	3	1.0000	5
kalan	37	and	0.1497	36	0.9730	1
kalan	37	the	0.3583	32	0.8649	2
kalan	37	he	0.2148	30	0.8108	3
kalan	37	they	0.4547	26	0.7027	4
kalan	37	unto	1.0089	24	0.6486	5
kalankhe	22	he	0.5174	22	1.0000	1
kalankhe	22	and	0.1221	21	0.9545	2
kalankhe	22	they	0.5917	17	0.7727	3
kalankhe	22	unto	0.6334	11	0.5000	4
kalankhe	22	have	0.8729	9	0.4091	5
kaw	18	and	0.1068	17	0.9444	1
kaw	18	he	0.0479	13	0.7222	2
kaw	18	say	0.5563	10	0.5556	3
kaw	18	be	0.0865	10	0.5556	4
kaw	18	to	0.6647	8	0.4444	5
keiccu	7	say	0.9188	5	0.7143	1
keiccu	7	he	0.0319	5	0.7143	2
keiccu	7	for	1.7038	4	0.5714	3
keiccu	7	because	3.9112	3	0.4286	4
keiccu	7	not	1.3518	3	0.4286	5
keiccuze	34	and	0.0560	31	0.9118	1
keiccuze	34	he	0.1848	27	0.7941	2
keiccuze	34	the	0.1807	26	0.7647	3
keiccuze	34	be	0.3706	23	0.6765	4
keiccuze	34	they	0.1242	19	0.5588	5
kha	275	and	0.0343	247	0.8982	1
kha	275	he	0.1352	211	0.7673	2
kha	275	the	0.0191	188	0.6836	3
kha	275	they	0.2267	165	0.6000	4
kha	275	to	0.2859	94	0.3418	5
khama	4	and	0.1893	4	1.0000	1
khama	4	they	0.5487	3	0.7500	2
khang	6	and	0.1893	6	1.0000	1
khang	6	he	0.2543	5	0.8333	2
khang	6	hand	3.7966	4	0.6667	3
khang	6	up	2.8270	3	0.5000	4
khang	6	take	2.4508	3	0.5000	5
khaw	14	he	0.2950	12	0.8571	1
khaw	14	say	0.9188	10	0.7143	2
khaw	14	be	0.2970	9	0.6429	3
khaw	14	you	0.8346	7	0.5000	4
khaw	14	unto	0.6334	7	0.5000	5
khe	58	and	0.1126	55	0.9483	1
khe	58	the	0.2016	45	0.7759	2
khe	58	he	0.1512	45	0.7759	3
khe	58	they	0.0599	31	0.5345	4
khe	58	of	0.2329	28	0.4828	5
khee	3	and	0.1893	3	1.0000	1
kheihaepaw	3	with	2.5871	3	1.0000	1
kheihaepaw	3	he	0.5174	3	1.0000	2
kheihaepaw	3	and	0.1893	3	1.0000	3
khia	37	and	0.1497	36	0.9730	1
khia	37	he	0.3954	34	0.9189	2
khia	37	the	0.2163	29	0.7838	3
khia	37	say	0.9497	27	0.7297	4
khia	37	you	0.9471	20	0.5405	5
khiade	4	crucify	6.2116	4	1.0000	1
khiade	4	they	0.9637	4	1.0000	2
khiade	4	he	0.5174	4	1.0000	3
khiade	4	and	0.1893	4	1.0000	4
kho	41	say	0.2166	18	0.4390	1
kho	41	not	1.2166	16	0.3902	2
kho	41	have	0.6122	14	0.3415	3
kho	41	you	0.2845	14	0.3415	4
kho	41	but	0.7510	12	0.2927	5
khoh	3	he	0.5174	3	1.0000	1
khoh	3	and	0.1893	3	1.0000	2
kholang	5	and	0.1893	5	1.0000	1
kholang	5	but	2.2016	4	0.8000	2
kholang	5	be	0.6125	4	0.8000	3
khopaw	6	he	0.2543	5	0.8333	1
khopaw	6	can	5.2116	4	0.6667	2
khopaw	6	but	1.9386	4	0.6667	3
khopaw	6	man	1.8424	3	0.5000	4
khopi	7	and	0.1893	7	1.0000	1
khopi	7	out	3.0094	6	0.8571	2
khopi	7	the	0.3454	6	0.8571	3
khopi	7	he	0.2950	6	0.8571	4
khopi	7	go	2.5386	5	0.7143	5
khoti	3	country	6.0596	3	1.0000	1
khoti	3	of	1.2835	3	1.0000	2
khoti	3	they	0.9637	3	1.0000	3
khoti	3	the	0.5678	3	1.0000	4
khoti	3	he	0.5174	3	1.0000	5
khovae	5	and	0.1893	5	1.0000	1
khovae	5	the	0.2458	4	0.8000	2
khovae	5	he	0.1954	4	0.8000	3
khovae	5	it	1.7619	3	0.6000	4
khovae	5	to	1.0977	3	0.6000	5
khua	21	and	0.1189	20	0.9524	1
khua	21	the	0.3454	18	0.8571	2
khua	21	he	0.2125	17	0.8095	3
khua	21	be	0.2426	13	0.6190	4
khua	21	they	0.0308	11	0.5238	5
khuang	3	deny	6.7966	3	1.0000	1
khuang	3	you	1.8346	3	1.0000	2
khuang	3	say	1.4043	3	1.0000	3
khuang	3	the	0.5678	3	1.0000	4
khuang	3	he	0.5174	3	1.0000	5
khuanin	6	the	0.5678	6	1.0000	1
khuanin	6	in	1.5774	4	0.6667	2
khuanin	6	morn	6.0596	3	0.5000	3
khuanin	6	day	3.1336	3	0.5000	4
khuanin	6	when	1.5871	3	0.5000	5
khuapaw	3	to	1.8346	3	1.0000	1
khuapaw	3	of	1.2835	3	1.0000	2
khuin	4	they	0.9637	4	1.0000	1
khuin	4	the	0.5678	4	1.0000	2
khuin	4	full	6.1592	3	0.7500	3
khuin	4	up	3.4119	3	0.7500	4
khuin	4	take	3.0358	3	0.7500	5
khum	3	sav	7.0596	3	1.0000	1
khum	3	he	0.5174	3	1.0000	2
khuraw	5	side	5.7966	5	1.0000	1
khuraw	5	other	4.9221	5	1.0000	2
khuraw	5	the	0.5678	5	1.0000	3
khuraw	5	and	0.1893	5	1.0000	4
khuraw	5	unto	1.3114	4	0.8000	5
khy	57	the	0.0203	39	0.6842	1
khy	57	be	0.2309	35	0.6140	2
khy	57	but	1.5976	30	0.5263	3
khy	57	not	1.5993	29	0.5088	4
khy	57	say	0.0308	22	0.3860	5
khyh	68	and	0.0087	60	0.8824	1
khyh	68	they	0.4909	49	0.7206	2
khyh	68	be	0.3064	44	0.6471	3
khyh	68	not	1.7721	39	0.5735	4
khyh	68	say	0.4043	34	0.5000	5
khylang	14	to	1.6123	12	0.8571	1
khylang	14	the	0.3454	12	0.8571	2
khylang	14	he	0.2950	12	0.8571	3
khylang	14	of	0.7981	10	0.7143	4
khylang	14	be	0.1271	8	0.5714	5
ki	20	and	0.1893	20	1.0000	1
ki	20	he	0.3654	18	0.9000	2
ki	20	be	0.3130	13	0.6500	3
ki	20	they	0.2267	12	0.6000	4
ki	20	again	3.6267	10	0.5000	5
kin	6	he	0.5174	6	1.0000	1
kin	6	and	0.1893	6	1.0000	2
kin	6	that	1.0892	4	0.6667	3
kin	6	they	0.3787	4	0.6667	4
kin	6	charg	5.3815	3	0.5000	5
kiza	7	he	0.5174	7	1.0000	1
kiza	7	and	0.1893	7	1.0000	2
kiza	7	again	4.4043	6	0.8571	3
kiza	7	the	0.0823	5	0.7143	4
kiza	7	be	0.1271	4	0.5714	5
ko	14	he	0.5174	14	1.0000	1
ko	14	they	0.8568	13	0.9286	2
ko	14	and	0.0823	13	0.9286	3
ko	14	the	0.2198	11	0.7857	4
ko	14	cal	4.8961	10	0.7143	5
kohaepaw	3	with	2.5871	3	1.0000	1
kohaepaw	3	they	0.9637	3	1.0000	2
kohaepaw	3	the	0.5678	3	1.0000	3
kohaepaw	3	and	0.1893	3	1.0000	4
kokhu	4	he	0.5174	4	1.0000	1
kokhu	4	unto	1.2183	3	0.7500	2
kokhu	4	they	0.5487	3	0.7500	3
kokhu	4	the	0.1527	3	0.7500	4
kong	17	he	0.4299	16	0.9412	1
kong	17	and	0.0087	15	0.8824	2
kong	17	they	0.4612	12	0.7059	3
kong	17	but	1.6060	9	0.5294	4
kong	17	to	0.7472	8	0.4706	5
konglang	6	of	1.2835	6	1.0000	1
konglang	6	he	0.2543	5	0.8333	2
konglang	6	they	0.3787	4	0.6667	3
kou	9	have	1.5774	6	0.6667	1
kou	9	of	0.4355	5	0.5556	2
kou	9	you	0.6647	4	0.4444	3
kou	9	that	0.5043	4	0.4444	4
kou	9	will	2.6267	3	0.3333	5
koute	28	and	0.1368	27	0.9643	1
koute	28	he	0.2336	23	0.8214	2
koute	28	the	0.1527	21	0.7500	3
koute	28	they	0.4043	19	0.6786	4
koute	28	of	0.3830	15	0.5357	5
ku	5	and	0.1893	5	1.0000	1
ku	5	tree	6.4747	4	0.8000	2
ku	5	the	0.2458	4	0.8000	3
ku	5	of	0.5465	3	0.6000	4
ku	5	be	0.1975	3	0.6000	5
kuit	21	and	0.1189	20	0.9524	1
kuit	21	he	0.2950	18	0.8571	2
kuit	21	hand	3.8961	15	0.7143	3
kuit	21	the	0.0823	15	0.7143	4
kuit	21	they	0.1563	12	0.5714	5
kuitccuchipaw	5	palsy	7.0596	5	1.0000	1
kuitccuchipaw	5	sick	5.6811	5	1.0000	2
kuitccuchipaw	5	of	1.2835	5	1.0000	3
kuitccuchipaw	5	the	0.5678	5	1.0000	4
kuitccuchipaw	5	be	0.6125	4	0.8000	5
kuitte	4	he	0.5174	4	1.0000	1
kuitte	4	and	0.1893	4	1.0000	2
kuitte	4	hand	3.9665	3	0.7500	3
kuitte	4	by	3.3226	3	0.7500	4
kuitte	4	take	3.0358	3	0.7500	5
kya	148	and	0.0351	133	0.8986	1
kya	148	the	0.1912	114	0.7703	2
kya	148	they	0.1636	85	0.5743	3
kya	148	to	0.3801	54	0.3649	4
kya	148	in	0.6808	53	0.3581	5
kyakhe	71	and	0.1056	67	0.9437	1
kyakhe	71	say	1.0874	57	0.8028	2
kyakhe	71	he	0.0955	53	0.7465	3
kyakhe	71	unto	1.0983	49	0.6901	4
kyakhe	71	they	0.4287	49	0.6901	5
kyalya	6	god	2.9553	3	0.5000	1
kyalya	6	one	2.7377	3	0.5000	2
kyalya	6	but	1.5236	3	0.5000	3
kyalya	6	have	1.1624	3	0.5000	4
kyate	50	and	0.0048	44	0.8800	1
kyate	50	the	0.1334	37	0.7400	2
kyate	50	he	0.0434	36	0.7200	3
kyate	50	of	0.4470	28	0.5600	4
kyate	50	out	2.1729	24	0.4800	5
kyaze	6	unto	0.6334	3	0.5000	1
kyng	9	and	0.1893	9	1.0000	1
kyng	9	they	0.7938	8	0.8889	2
kyng	9	take	3.0882	7	0.7778	3
kyng	9	be	0.0865	5	0.5556	4
kyng	9	shall	1.5678	4	0.4444	5
la	14	and	0.1893	14	1.0000	1
la	14	you	1.4867	11	0.7857	2
la	14	say	1.0563	11	0.7857	3
la	14	the	0.2198	11	0.7857	4
la	14	he	0.0319	10	0.7143	5
laanpi	5	the	0.5678	5	1.0000	1
laanpi	5	and	0.1893	5	1.0000	2
laanpi	5	way	4.6673	4	0.8000	3
laanpi	5	by	3.4158	4	0.8000	4
laanpi	5	they	0.6418	4	0.8000	5
lae	10	and	0.1893	10	1.0000	1
lae	10	the	0.2458	8	0.8000	2
lae	10	be	0.1975	6	0.6000	3
lae	10	of	0.2835	5	0.5000	4
lae	10	ground	5.0596	4	0.4000	5
laelang	3	that	1.6742	3	1.0000	1
laelang	3	and	0.1893	3	1.0000	2
laenin	3	twelve	5.5742	3	1.0000	1
laenin	3	the	0.5678	3	1.0000	2
laenin	3	he	0.5174	3	1.0000	3
laenin	3	and	0.1893	3	1.0000	4
laephi	7	earth	5.3518	3	0.4286	1
laephi	7	shall	1.5153	3	0.4286	2
laephi	7	not	1.3518	3	0.4286	3
laephi	7	for	1.2888	3	0.4286	4
laephi	7	it	1.2765	3	0.4286	5
laephivaw	3	of	1.2835	3	1.0000	1
laephivaw	3	the	0.5678	3	1.0000	2
laeze	10	the	0.5678	10	1.0000	1
laeze	10	than	5.5291	9	0.9000	2
laeze	10	be	0.7825	9	0.9000	3
laeze	10	and	0.0372	9	0.9000	4
laeze	10	into	2.3408	6	0.6000	5
lah	47	he	0.1722	37	0.7872	1
lah	47	they	0.1095	26	0.5532	2
lah	47	be	0.0803	26	0.5532	3
lah	47	you	0.9239	25	0.5319	4
lah	47	say	0.3732	23	0.4894	5
lak	7	and	0.1893	7	1.0000	1
lak	7	the	0.3454	6	0.8571	2
lak	7	of	0.7981	5	0.7143	3
lak	7	he	0.0319	5	0.7143	4
lak	7	they	0.1563	4	0.5714	5
laku	12	the	0.1527	9	0.7500	1
laku	12	they	0.3787	8	0.6667	2
laku	12	of	0.5059	7	0.5833	3
laku	12	unto	0.3703	5	0.4167	4
laku	12	say	0.1412	5	0.4167	5
lakuze	7	of	1.0611	6	0.8571	1
lakuze	7	be	0.7121	6	0.8571	2
lakuze	7	the	0.3454	6	0.8571	3
lakuze	7	one	3.2523	5	0.7143	4
lakuze	7	that	0.4518	3	0.4286	5
lakza	5	give	3.7377	4	0.8000	1
lakza	5	take	3.1289	4	0.8000	2
lakza	5	to	1.5127	4	0.8000	3
lakza	5	they	0.6418	4	0.8000	4
lakza	5	the	0.2458	4	0.8000	5
lang	59	the	0.4400	54	0.9153	1
lang	59	and	0.0070	52	0.8814	2
lang	59	into	2.4430	38	0.6441	3
lang	59	be	0.0518	32	0.5424	4
lang	59	to	0.7594	28	0.4746	5
langkhe	32	and	0.1434	31	0.9688	1
langkhe	32	he	0.2722	27	0.8438	2
langkhe	32	the	0.2116	25	0.7812	3
langkhe	32	be	0.2564	20	0.6250	4
langkhe	32	they	0.2116	19	0.5938	5
langte	10	and	0.0372	9	0.9000	1
langte	10	of	0.9616	8	0.8000	2
langte	10	be	0.6125	8	0.8000	3
langte	10	come	1.8009	7	0.7000	4
langte	10	the	0.0532	7	0.7000	5
langze	12	the	0.3047	10	0.8333	1
langze	12	be	0.5194	9	0.7500	2
langze	12	it	1.9139	8	0.6667	3
langze	12	if	3.5595	7	0.5833	4
langze	12	shall	1.9601	7	0.5833	5
lantaraw	3	they	0.9637	3	1.0000	1
lantaraw	3	the	0.5678	3	1.0000	2
lantaraw	3	and	0.1893	3	1.0000	3
lawng	5	he	0.5174	5	1.0000	1
lawng	5	and	0.1893	5	1.0000	2
lawng	5	to	1.5127	4	0.8000	3
lawng	5	unto	1.3114	4	0.8000	4
lawng	5	they	0.6418	4	0.8000	5
leite	16	and	0.0961	15	0.9375	1
leite	16	the	0.0272	11	0.6875	2
leite	16	be	0.2564	10	0.6250	3
leite	16	of	0.4534	9	0.5625	4
leite	16	but	1.3309	7	0.4375	5
let	3	they	0.9637	3	1.0000	1
let	3	and	0.1893	3	1.0000	2
liaccanung	4	the	0.5678	4	1.0000	1
liaccanung	4	and	0.1893	4	1.0000	2
liaccanung	4	she	3.5071	3	0.7500	3
liaccanung	4	he	0.1023	3	0.7500	4
ling	3	and	0.1893	3	1.0000	1
loku	5	be	0.9345	5	1.0000	1
loku	5	the	0.5678	5	1.0000	2
loku	5	and	0.1893	5	1.0000	3
loku	5	sown	6.4747	4	0.8000	4
loku	5	word	4.9722	4	0.8000	5
long	17	the	0.4803	16	0.9412	1
long	17	and	0.1018	16	0.9412	2
long	17	ship	4.9315	14	0.8235	3
long	17	he	0.2372	14	0.8235	4
long	17	they	0.3357	11	0.6471	5
loo	7	the	0.3454	6	0.8571	1
loo	7	that	0.8668	4	0.5714	2
loo	7	they	0.1563	4	0.5714	3
loo	7	be	0.1271	4	0.5714	4
loo	7	country	4.8372	3	0.4286	5
looh	12	and	0.0637	11	0.9167	1
looh	12	they	0.5487	9	0.7500	2
looh	12	the	0.1527	9	0.7500	3
looh	12	of	0.6985	8	0.6667	4
looh	12	be	0.3495	8	0.6667	5
loukaw	4	and	0.1893	4	1.0000	1
loukaw	4	disciple	3.5402	3	0.7500	2
loukaw	4	come	1.9004	3	0.7500	3
loukaw	4	he	0.1023	3	0.7500	4
lu	7	the	0.5678	7	1.0000	1
lu	7	head	5.8372	6	0.8571	2
lu	7	he	0.2950	6	0.8571	3
lu	7	in	1.6769	5	0.7143	4
lu	7	on	2.2765	3	0.4286	5
luhawlaenin	7	he	0.5174	7	1.0000	1
luhawlaenin	7	and	0.1893	7	1.0000	2
luhawlaenin	7	twelve	5.3518	6	0.8571	3
luhawlaenin	7	the	0.3454	6	0.8571	4
luhawlaenin	7	unto	0.8260	4	0.5714	5
lukhakheit	7	be	0.7121	6	0.8571	1
lukhakheit	7	shall	2.2523	5	0.7143	2
lukhakheit	7	you	1.3492	5	0.7143	3
lukhakheit	7	whosoever	4.4587	3	0.4286	4
lukhakheit	7	if	3.1148	3	0.4286	5
lukheit	40	he	0.1496	31	0.7750	1
lukheit	40	they	0.0341	21	0.5250	2
lukheit	40	of	0.2095	19	0.4750	3
lukheit	40	one	2.3226	15	0.3750	4
lukheit	40	unto	0.1188	14	0.3500	5
lung	9	and	0.1893	9	1.0000	1
lung	9	be	0.5719	7	0.7778	2
lung	9	he	0.1548	7	0.7778	3
lung	9	they	0.1157	5	0.5556	4
lung	9	because	3.9637	4	0.4444	5
lungkhu	55	the	0.4303	50	0.9091	1
lungkhu	55	be	0.1073	31	0.5636	2
lungkhu	55	of	0.3601	29	0.5273	3
lungkhu	55	into	1.9968	26	0.4727	4
lungkhu	55	in	0.7029	20	0.3636	5
lungtuabya	3	set	6.3815	3	1.0000	1
lungtuabya	3	before	5.2941	3	1.0000	2
lungtuabya	3	to	1.8346	3	1.0000	3
lungtuabya	3	they	0.9637	3	1.0000	4
lungtuabya	3	he	0.5174	3	1.0000	5
lunin	8	they	0.9637	8	1.0000	1
lunin	8	and	0.1893	8	1.0000	2
lunin	8	the	0.3751	7	0.8750	3
lunin	8	he	0.3247	7	0.8750	4
lunin	8	two	4.7035	5	0.6250	5
luthum	3	they	0.9637	3	1.0000	1
luthum	3	and	0.1893	3	1.0000	2
lya	20	and	0.0372	18	0.9000	1
lya	20	they	0.7292	17	0.8500	2
lya	20	the	0.3333	17	0.8500	3
lya	20	he	0.0028	14	0.7000	4
lya	20	of	0.6620	13	0.6500	5
lyakhe	12	he	0.3918	11	0.9167	1
lyakhe	12	and	0.0637	11	0.9167	2
lyakhe	12	the	0.3047	10	0.8333	3
lyakhe	12	be	0.3495	8	0.6667	4
lyakhe	12	of	0.5059	7	0.5833	5
lyaze	3	and	0.1893	3	1.0000	1
ma	16	and	0.1893	16	1.0000	1
ma	16	the	0.2682	13	0.8125	2
ma	16	be	0.3939	11	0.6875	3
ma	16	have	0.7473	6	0.3750	4
ma	16	in	0.7473	6	0.3750	5
maei	5	and	0.1893	5	1.0000	1
maei	5	to	1.5127	4	0.8000	2
maei	5	the	0.2458	4	0.8000	3
maei	5	fire	5.8372	3	0.6000	4
maei	5	be	0.1975	3	0.6000	5
maeking	3	son	4.1336	3	1.0000	1
maeking	3	come	2.3155	3	1.0000	2
maeking	3	of	1.2835	3	1.0000	3
maeking	3	the	0.5678	3	1.0000	4
maeking	3	and	0.1893	3	1.0000	5
mah	3	that	1.6742	3	1.0000	1
mah	3	and	0.1893	3	1.0000	2
makhaete	4	be	0.9345	4	1.0000	1
makhaete	4	he	0.5174	4	1.0000	2
makhaete	4	and	0.1893	4	1.0000	3
makhaete	4	they	0.5487	3	0.7500	4
malang	11	and	0.0517	10	0.9091	1
malang	11	he	0.2279	9	0.8182	2
malang	11	the	0.1083	8	0.7273	3
malang	11	be	0.2824	7	0.6364	4
malang	11	before	4.1566	5	0.4545	5
mang	13	and	0.0738	12	0.9231	1
mang	13	be	0.5559	10	0.7692	2
mang	13	of	0.3904	7	0.5385	3
mang	13	you	0.7192	6	0.4615	4
mang	13	to	0.7192	6	0.4615	5
marya	18	be	0.0865	10	0.5556	1
marya	18	have	0.9924	8	0.4444	2
marya	18	all	1.9746	7	0.3889	3
marya	18	that	0.3116	7	0.3889	4
marya	18	but	0.9386	6	0.3333	5
masaty	4	the	0.5678	4	1.0000	1
masaty	4	first	5.0596	3	0.7500	2
masaty	4	that	1.2591	3	0.7500	3
maw	6	in	1.5774	4	0.6667	1
maw	6	you	1.2497	4	0.6667	2
maw	6	unto	1.0484	4	0.6667	3
maw	6	depart	4.7966	3	0.5000	4
maw	6	that	0.6742	3	0.5000	5
mawe	7	to	1.0273	4	0.5714	1
mawe	7	say	0.5969	4	0.5714	2
mawe	7	of	0.4762	4	0.5714	3
mawe	7	be	0.1271	4	0.5714	4
mawe	7	shall	1.5153	3	0.4286	5
mawze	4	you	1.4196	3	0.7500	1
mawze	4	the	0.1527	3	0.7500	2
mawze	4	he	0.1023	3	0.7500	3
miakaw	14	and	0.0823	13	0.9286	1
miakaw	14	he	0.0319	10	0.7143	2
miakaw	14	all	2.5298	8	0.5714	3
miakaw	14	for	1.2888	6	0.4286	4
miakaw	14	but	1.0381	5	0.3571	5
miakawte	4	he	0.5174	4	1.0000	1
miakawte	4	and	0.1893	4	1.0000	2
miakawte	4	of	0.8685	3	0.7500	3
miakawte	4	the	0.1527	3	0.7500	4
mibuupi	23	he	0.5174	23	1.0000	1
mibuupi	23	and	0.1251	22	0.9565	2
mibuupi	23	the	0.4365	21	0.9130	3
mibuupi	23	they	0.2475	14	0.6087	4
mibuupi	23	people	4.0990	13	0.5652	5
mih	76	and	0.0911	71	0.9342	1
mih	76	they	0.8032	68	0.8947	2
mih	76	the	0.0747	54	0.7105	3
mih	76	be	0.2101	46	0.6053	4
mih	76	to	0.5409	31	0.4079	5
mimaw	4	and	0.1893	4	1.0000	1
mimaw	4	they	0.5487	3	0.7500	2
mimin	46	and	0.1893	46	1.0000	1
mimin	46	they	0.7977	41	0.8913	2
mimin	46	unto	1.1098	32	0.6957	3
mimin	46	say	0.8349	31	0.6739	4
mimin	46	you	0.9549	25	0.5435	5
min	5	he	0.5174	5	1.0000	1
min	5	and	0.1893	5	1.0000	2
min	5	be	0.6125	4	0.8000	3
min	5	they	0.2267	3	0.6000	4
mingpawhae	3	eat	4.9221	3	1.0000	1
mingpawhae	3	not	2.5742	3	1.0000	2
mingpawhae	3	of	1.2835	3	1.0000	3
mingpawhae	3	the	0.5678	3	1.0000	4
mingpawhae	3	and	0.1893	3	1.0000	5
minte	7	name	5.6997	6	0.8571	1
minte	7	in	1.9400	6	0.8571	2
minte	7	that	1.1888	5	0.7143	3
minte	7	say	0.9188	5	0.7143	4
minte	7	shall	1.9303	4	0.5714	5
mit	5	and	0.1893	5	1.0000	1
mit	5	eye	6.0596	4	0.8000	2
mit	5	he	0.1954	4	0.8000	3
mit	5	hand	3.6446	3	0.6000	4
mit	5	to	1.0977	3	0.6000	5
mou	21	and	0.1189	20	0.9524	1
mou	21	he	0.3730	19	0.9048	2
mou	21	the	0.2629	17	0.8095	3
mou	21	say	0.9188	15	0.7143	4
mou	21	they	0.3787	14	0.6667	5
mua	7	he	0.5174	7	1.0000	1
mua	7	mountain	6.1592	6	0.8571	2
mua	7	be	0.4490	5	0.7143	3
mua	7	into	2.2704	4	0.5714	4
mua	7	in	1.3550	4	0.5714	5
mui	6	and	0.1893	6	1.0000	1
mui	6	come	2.0524	5	0.8333	2
mui	6	the	0.3047	5	0.8333	3
mui	6	he	0.2543	5	0.8333	4
mui	6	see	3.0417	4	0.6667	5
muih	46	and	0.1575	45	0.9783	1
muih	46	he	0.2792	39	0.8478	2
muih	46	they	0.4401	32	0.6957	3
muih	46	see	3.0573	31	0.6739	4
muih	46	be	0.3651	31	0.6739	5
muisaw	5	he	0.5174	5	1.0000	1
muisaw	5	spirit	4.3226	3	0.6000	2
muisaw	5	when	1.8502	3	0.6000	3
muisaw	5	say	0.6673	3	0.6000	4
muisaw	5	they	0.2267	3	0.6000	5
muite	3	see	3.6267	3	1.0000	1
muite	3	when	2.5871	3	1.0000	2
muite	3	he	0.5174	3	1.0000	3
muiza	3	see	3.6267	3	1.0000	1
muiza	3	not	2.5742	3	1.0000	2
muiza	3	he	0.5174	3	1.0000	3
muiza	3	and	0.1893	3	1.0000	4
myarya	26	and	0.0738	24	0.9231	1
myarya	26	be	0.6263	21	0.8077	2
myarya	26	he	0.2092	21	0.8077	3
myarya	26	the	0.1893	20	0.7692	4
myarya	26	they	0.1701	15	0.5769	5
myng	3	say	1.4043	3	1.0000	1
myng	3	be	0.9345	3	1.0000	2
myng	3	he	0.5174	3	1.0000	3
myng	3	and	0.1893	3	1.0000	4
na	55	and	0.0803	51	0.9273	1
na	55	you	1.6383	48	0.8727	2
na	55	the	0.1440	41	0.7455	3
na	55	he	0.0935	41	0.7455	4
na	55	say	0.9448	40	0.7273	5
nae	40	you	1.6826	36	0.9000	1
nae	40	say	0.8897	28	0.7000	2
nae	40	be	0.1361	23	0.5750	3
nae	40	unto	0.7709	22	0.5500	4
nae	40	that	0.6742	20	0.5000	5
naemaw	3	shall	2.7377	3	1.0000	1
naemaw	3	it	2.4989	3	1.0000	2
naemaw	3	you	1.8346	3	1.0000	3
naemaw	3	that	1.6742	3	1.0000	4
naemaw	3	be	0.9345	3	1.0000	5
nah	61	and	0.0399	55	0.9016	1
nah	61	you	1.6318	53	0.8689	2
nah	61	they	0.4924	44	0.7213	3
nah	61	say	0.7589	39	0.6393	4
nah	61	unto	0.7026	32	0.5246	5
nakaring	3	ear	6.3815	3	1.0000	1
nakaring	3	he	0.5174	3	1.0000	2
namaw	3	and	0.1893	3	1.0000	1
nang	30	he	0.0699	22	0.7333	1
nang	30	not	1.7548	17	0.5667	2
nang	30	say	0.5848	17	0.5667	3
nang	30	you	0.9278	16	0.5333	4
nang	30	of	0.1840	14	0.4667	5
nanin	5	you	1.8346	5	1.0000	1
nanin	5	shall	2.4158	4	0.8000	2
nanin	5	but	2.2016	4	0.8000	3
nanin	5	it	2.1770	4	0.8000	4
nanin	5	say	1.0823	4	0.8000	5
naw	6	be	0.3495	4	0.6667	1
naw	6	of	0.2835	3	0.5000	2
neih	3	drink	6.3815	3	1.0000	1
netaw	8	brother	4.9665	6	0.7500	1
netaw	8	for	1.8331	5	0.6250	2
netaw	8	of	0.6054	5	0.6250	3
netaw	8	be	0.2564	5	0.6250	4
netaw	8	john	3.7377	4	0.5000	5
netawhae	4	brother	5.3815	4	1.0000	1
netawhae	4	mother	5.1336	4	1.0000	2
netawhae	4	he	0.5174	4	1.0000	3
netawhae	4	and	0.1893	4	1.0000	4
netawhae	4	say	0.9892	3	0.7500	5
ngae	30	and	0.0897	28	0.9333	1
ngae	30	the	0.1844	23	0.7667	2
ngae	30	he	0.0699	22	0.7333	3
ngae	30	they	0.3787	20	0.6667	4
ngae	30	be	0.3495	20	0.6667	5
ngaethya	7	the	0.3454	6	0.8571	1
ngaethya	7	sin	5.8961	5	0.7143	2
ngaethya	7	of	0.7981	5	0.7143	3
ngaethya	7	you	1.0273	4	0.5714	4
ngaethya	7	say	0.5969	4	0.5714	5
ngasaw	3	they	0.9637	3	1.0000	1
ngasaw	3	the	0.5678	3	1.0000	2
ngasaw	3	and	0.1893	3	1.0000	3
ngaw	6	be	0.6714	5	0.8333	1
ngaw	6	the	0.3047	5	0.8333	2
ngaw	6	watch	5.2116	3	0.5000	3
ngaw	6	but	1.5236	3	0.5000	4
ngaw	6	for	1.5112	3	0.5000	5
ngeccih	3	they	0.9637	3	1.0000	1
ngeccih	3	and	0.1893	3	1.0000	2
ngia	14	and	0.1893	14	1.0000	1
ngia	14	he	0.1694	11	0.7857	2
ngia	14	that	1.1888	10	0.7143	3
ngia	14	they	0.4783	10	0.7143	4
ngia	14	the	0.0823	10	0.7143	5
nia	3	drink	6.3815	3	1.0000	1
nia	3	it	2.4989	3	1.0000	2
nia	3	the	0.5678	3	1.0000	3
nin	16	the	0.4747	15	0.9375	1
nin	16	and	0.0961	15	0.9375	2
nin	16	he	0.2178	13	0.8125	3
nin	16	day	3.5930	11	0.6875	4
nin	16	be	0.3939	11	0.6875	5
ninthum	5	day	4.1336	5	1.0000	1
ninthum	5	and	0.1893	5	1.0000	2
ninthum	5	they	0.6418	4	0.8000	3
ninthum	5	be	0.6125	4	0.8000	4
ninthum	5	the	0.2458	4	0.8000	5
nopihae	4	be	0.9345	4	1.0000	1
nopihae	4	and	0.1893	4	1.0000	2
nopihae	4	in	1.7473	3	0.7500	3
nopinung	4	woman	6.2116	4	1.0000	1
nopinung	4	and	0.1893	4	1.0000	2
nopinung	4	an	4.4429	3	0.7500	3
nopinung	4	have	1.7473	3	0.7500	4
nopinung	4	of	0.8685	3	0.7500	5
nulangte	3	the	0.5678	3	1.0000	1
nulangte	3	and	0.1893	3	1.0000	2
nung	23	mother	4.7800	18	0.7826	1
nung	23	of	0.2194	11	0.4783	2
nung	23	for	1.1575	9	0.3913	3
nung	23	she	2.3985	8	0.3478	4
nung	23	father	3.5779	7	0.3043	5
ny	16	the	0.2682	13	0.8125	1
ny	16	know	3.9665	12	0.7500	2
ny	16	of	0.7429	11	0.6875	3
ny	16	not	1.8961	10	0.6250	4
ny	16	be	0.2564	10	0.6250	5
nyh	17	not	2.0717	12	0.7059	1
nyh	17	the	0.0653	12	0.7059	2
nyh	17	you	1.2066	11	0.6471	3
nyh	17	know	3.6160	10	0.5882	4
nyh	17	say	0.6387	10	0.5882	5
nyku	3	the	0.5678	3	1.0000	1
nyku	3	and	0.1893	3	1.0000	2
nynh	452	he	0.1192	343	0.7588	1
nynh	452	the	0.0284	311	0.6881	2
nynh	452	be	0.0509	245	0.5420	3
nynh	452	say	0.2776	207	0.4580	4
nynh	452	of	0.0558	193	0.4270	5
nyvae	3	they	0.9637	3	1.0000	1
nyvae	3	he	0.5174	3	1.0000	2
oh	135	you	1.3277	95	0.7037	1
oh	135	say	0.8973	95	0.7037	2
oh	135	they	0.3298	87	0.6444	3
oh	135	unto	0.7063	71	0.5259	4
oh	135	be	0.0074	71	0.5259	5
ohla	15	and	0.1893	15	1.0000	1
ohla	15	you	1.6282	13	0.8667	2
ohla	15	say	1.0823	12	0.8000	3
ohla	15	unto	1.1859	11	0.7333	4
ohla	15	they	0.2267	9	0.6000	5
ohpaw	18	and	0.0193	16	0.8889	1
ohpaw	18	you	1.5716	15	0.8333	2
ohpaw	18	he	0.0479	13	0.7222	3
ohpaw	18	they	0.3787	12	0.6667	4
ohpaw	18	say	0.6938	11	0.6111	5
ohza	8	and	0.1893	8	1.0000	1
ohza	8	they	0.7710	7	0.8750	2
ohza	8	shall	2.3226	6	0.7500	3
ohza	8	you	1.4196	6	0.7500	4
ohza	8	the	0.1527	6	0.7500	5
ohze	6	you	1.8346	6	1.0000	1
ohze	6	and	0.1893	6	1.0000	2
ohze	6	unto	1.0484	4	0.6667	3
ohze	6	say	0.8193	4	0.6667	4
ohze	6	will	3.2116	3	0.5000	5
oun	181	the	0.1659	137	0.7569	1
oun	181	he	0.0175	128	0.7072	2
oun	181	be	0.1625	106	0.5856	3
oun	181	of	0.2431	88	0.4862	4
oun	181	come	1.0444	75	0.4144	5
paccyng	3	he	0.5174	3	1.0000	1
paccyng	3	and	0.1893	3	1.0000	2
pae	5	the	0.5678	5	1.0000	1
pae	5	unto	1.3114	4	0.8000	2
pae	5	of	0.9616	4	0.8000	3
pae	5	he	0.1954	4	0.8000	4
pae	5	be	0.1975	3	0.6000	5
palei	7	and	0.1893	7	1.0000	1
palei	7	he	0.0319	5	0.7143	2
palei	7	jesu	2.0506	4	0.5714	3
palei	7	when	1.7798	4	0.5714	4
palei	7	have	1.3550	4	0.5714	5
patae	22	and	0.0517	20	0.9091	1
patae	22	many	3.9606	19	0.8636	2
patae	22	he	0.0579	16	0.7273	3
patae	22	be	0.0600	12	0.5455	4
patae	22	have	0.7029	8	0.3636	5
paw	65	the	0.1601	49	0.7538	1
paw	65	be	0.2340	40	0.6154	2
paw	65	say	0.5518	36	0.5538	3
paw	65	of	0.2153	31	0.4769	4
paw	65	you	0.6196	28	0.4308	5
pawccecize	20	the	0.2458	16	0.8000	1
pawccecize	20	be	0.5194	15	0.7500	2
pawccecize	20	he	0.1023	15	0.7500	3
pawccecize	20	for	1.7742	12	0.6000	4
pawccecize	20	they	0.1012	11	0.5500	5
pawcimou	5	the	0.5678	5	1.0000	1
pawcimou	5	he	0.1954	4	0.8000	2
pawcimou	5	how	3.8897	3	0.6000	3
pawcimou	5	jesu	2.1210	3	0.6000	4
pawcimou	5	but	1.7866	3	0.6000	5
pawlang	3	of	1.2835	3	1.0000	1
pawlang	3	be	0.9345	3	1.0000	2
pawlang	3	the	0.5678	3	1.0000	3
pawlang	3	he	0.5174	3	1.0000	4
pawmou	7	what	3.5444	6	0.8571	1
pawmou	7	be	0.7121	6	0.8571	2
pawmou	7	the	0.3454	6	0.8571	3
pawmou	7	he	0.0319	5	0.7143	4
pawmou	7	do	2.4043	4	0.5714	5
pawpaw	5	he	0.1954	4	0.8000	1
pawpaw	5	thing	3.2523	3	0.6000	2
pawpaw	5	take	2.7138	3	0.6000	3
pawpaw	5	all	2.6002	3	0.6000	4
pawpaw	5	not	1.8372	3	0.6000	5
pawsangma	5	they	0.6418	4	0.8000	1
pawsangma	5	not	1.8372	3	0.6000	2
pawsangma	5	for	1.7742	3	0.6000	3
pawte	3	what	3.7668	3	1.0000	1
pawte	3	say	1.4043	3	1.0000	2
pawte	3	of	1.2835	3	1.0000	3
pawte	3	and	0.1893	3	1.0000	4
pawtemou	4	he	0.5174	4	1.0000	1
pawtemou	4	and	0.1893	4	1.0000	2
pawtemou	4	you	1.4196	3	0.7500	3
pawtemou	4	be	0.5194	3	0.7500	4
pawtemou	4	the	0.1527	3	0.7500	5
pe	12	and	0.0637	11	0.9167	1
pe	12	they	0.5487	9	0.7500	2
pe	12	the	0.1527	9	0.7500	3
pe	12	he	0.1023	9	0.7500	4
pe	12	unto	1.0484	8	0.6667	5
pee	7	and	0.1893	7	1.0000	1
pee	7	come	1.8300	5	0.7143	2
pee	7	of	0.7981	5	0.7143	3
pee	7	the	0.0823	5	0.7143	4
pee	7	he	0.0319	5	0.7143	5
pepang	3	they	0.9637	3	1.0000	1
pepang	3	and	0.1893	3	1.0000	2
phe	13	say	0.7038	8	0.6154	1
phe	13	they	0.2633	8	0.6154	2
phe	13	you	0.9416	7	0.5385	3
phe	13	of	0.3904	7	0.5385	4
phe	13	when	1.2086	5	0.3846	5
phou	3	he	0.5174	3	1.0000	1
phou	3	and	0.1893	3	1.0000	2
phu	10	and	0.0372	9	0.9000	1
phu	10	in	1.1624	5	0.5000	2
phu	10	that	0.3523	4	0.4000	3
phu	10	son	2.3966	3	0.3000	4
phu	10	with	0.8502	3	0.3000	5
phua	7	give	3.2523	4	0.5714	1
phua	7	that	0.8668	4	0.5714	2
phua	7	they	0.1563	4	0.5714	3
phua	7	be	0.1271	4	0.5714	4
phua	7	it	1.2765	3	0.4286	5
phung	12	and	0.1893	12	1.0000	1
phung	12	they	0.7007	10	0.8333	2
phung	12	be	0.1569	7	0.5833	3
phung	12	unto	0.6334	6	0.5000	4
phung	12	with	1.3241	5	0.4167	5
phungbya	6	and	0.1893	6	1.0000	1
phungbya	6	the	0.3047	5	0.8333	2
phungbya	6	commandment	5.7966	4	0.6667	3
phungbya	6	of	0.6985	4	0.6667	4
phungbya	6	you	0.8346	3	0.5000	5
piccanhae	16	he	0.5174	16	1.0000	1
piccanhae	16	chief	5.2884	15	0.9375	2
piccanhae	16	the	0.4747	15	0.9375	3
piccanhae	16	priest	4.7295	14	0.8750	4
piccanhae	16	to	1.1566	10	0.6250	5
po	5	and	0.1893	5	1.0000	1
po	5	he	0.1954	4	0.8000	2
pohaepaw	3	the	0.5678	3	1.0000	1
pohaepaw	3	and	0.1893	3	1.0000	2
pong	5	and	0.1893	5	1.0000	1
pong	5	the	0.2458	4	0.8000	2
pong	5	it	1.7619	3	0.6000	3
pong	5	of	0.5465	3	0.6000	4
pou	5	and	0.1893	5	1.0000	1
pou	5	the	0.2458	4	0.8000	2
pou	5	he	0.1954	4	0.8000	3
pumkuh	3	the	0.5678	3	1.0000	1
pumkuh	3	and	0.1893	3	1.0000	2
pya	47	and	0.0941	44	0.9362	1
pya	47	he	0.2482	39	0.8298	2
pya	47	they	0.0530	25	0.5319	3
pya	47	of	0.3139	24	0.5106	4
pya	47	to	0.7395	22	0.4681	5
pyanaw	3	the	0.5678	3	1.0000	1
pyatu	5	john	4.7377	5	1.0000	1
pyatu	5	say	1.4043	5	1.0000	2
pyatu	5	the	0.2458	4	0.8000	3
pyatu	5	but	1.7866	3	0.6000	4
pyatu	5	you	1.0977	3	0.6000	5
pyn	3	the	0.5678	3	1.0000	1
pyngkheit	3	of	1.2835	3	1.0000	1
pyngkheit	3	and	0.1893	3	1.0000	2
rae	14	the	0.0823	10	0.7143	1
rae	14	to	0.6123	6	0.4286	2
rae	14	unto	0.4110	6	0.4286	3
rae	14	of	0.0611	6	0.4286	4
rae	14	shall	1.2523	5	0.3571	5
raepaw	7	do	2.7262	5	0.7143	1
raepaw	7	say	0.9188	5	0.7143	2
raepaw	7	be	0.4490	5	0.7143	3
raepaw	7	he	0.0319	5	0.7143	4
raepaw	7	unto	0.8260	4	0.5714	5
raepya	3	have	2.1624	3	1.0000	1
raepya	3	to	1.8346	3	1.0000	2
raepya	3	the	0.5678	3	1.0000	3
raeringkuh	4	they	0.9637	4	1.0000	1
raeringkuh	4	he	0.5174	4	1.0000	2
raeringkuh	4	and	0.1893	4	1.0000	3
raeringkuh	4	take	3.0358	3	0.7500	4
raeringkuh	4	to	1.4196	3	0.7500	5
ram	16	and	0.0961	15	0.9375	1
ram	16	he	0.3247	14	0.8750	2
ram	16	they	0.1336	9	0.5625	3
ram	16	be	0.1044	9	0.5625	4
ram	16	of	0.2835	8	0.5000	5
ranglang	6	right	6.3815	6	1.0000	1
ranglang	6	on	3.4989	6	1.0000	2
ranglang	6	and	0.1893	6	1.0000	3
ranglang	6	sit	4.2605	5	0.8333	4
ranglang	6	hand	4.1185	5	0.8333	5
raw	6	he	0.5174	6	1.0000	1
raw	6	and	0.1893	6	1.0000	2
raw	6	but	1.9386	4	0.6667	3
raw	6	to	1.2497	4	0.6667	4
raw	6	that	1.0892	4	0.6667	5
re	4	the	0.5678	4	1.0000	1
re	4	he	0.1023	3	0.7500	2
rei	3	say	1.4043	3	1.0000	1
rei	3	be	0.9345	3	1.0000	2
rei	3	the	0.5678	3	1.0000	3
rei	3	he	0.5174	3	1.0000	4
rei	3	and	0.1893	3	1.0000	5
rhi	3	be	0.9345	3	1.0000	1
rhi	3	he	0.5174	3	1.0000	2
rhi	3	and	0.1893	3	1.0000	3
rhih	5	they	0.9637	5	1.0000	1
rhih	5	be	0.9345	5	1.0000	2
rhih	5	he	0.5174	5	1.0000	3
rhih	5	afraid	5.8372	3	0.6000	4
rhih	5	all	2.6002	3	0.6000	5
rhikaw	3	to	1.8346	3	1.0000	1
rhikaw	3	they	0.9637	3	1.0000	2
rhikaw	3	be	0.9345	3	1.0000	3
rhikaw	3	he	0.5174	3	1.0000	4
rhunaw	3	be	0.9345	3	1.0000	1
rhunaw	3	the	0.5678	3	1.0000	2
rhunaw	3	and	0.1893	3	1.0000	3
rosah	3	better	7.0596	3	1.0000	1
rosah	3	fire	6.5742	3	1.0000	2
rosah	3	offend	6.3815	3	1.0000	3
rosah	3	than	5.6811	3	1.0000	4
rosah	3	two	5.3815	3	1.0000	5
rou	7	but	2.0381	5	0.7143	1
rou	7	be	0.4490	5	0.7143	2
rou	7	the	0.0823	5	0.7143	3
rou	7	he	0.0319	5	0.7143	4
rou	7	of	0.4762	4	0.5714	5
ruaa	5	and	0.1893	5	1.0000	1
ruaa	5	of	0.9616	4	0.8000	2
ruaa	5	the	0.2458	4	0.8000	3
ruaa	5	he	0.1954	4	0.8000	4
ruaa	5	take	2.7138	3	0.6000	5
ruanaw	3	heart	5.5742	3	1.0000	1
ruanaw	3	the	0.5678	3	1.0000	2
rumza	3	say	1.4043	3	1.0000	1
rumza	3	be	0.9345	3	1.0000	2
rumza	3	he	0.5174	3	1.0000	3
rumza	3	and	0.1893	3	1.0000	4
ry	30	he	0.0028	21	0.7000	1
ry	30	you	1.1757	19	0.6333	2
ry	30	say	0.6673	18	0.6000	3
ry	30	unto	0.7265	16	0.5333	4
ry	30	of	0.2835	15	0.5000	5
ryacia	3	be	0.9345	3	1.0000	1
ryacia	3	and	0.1893	3	1.0000	2
rynaw	3	of	1.2835	3	1.0000	1
rynaw	3	the	0.5678	3	1.0000	2
rynaw	3	and	0.1893	3	1.0000	3
rypaw	4	unto	1.6334	4	1.0000	1
rypaw	4	they	0.9637	4	1.0000	2
rypaw	4	he	0.5174	4	1.0000	3
rypaw	4	and	0.1893	4	1.0000	4
rypaw	4	come	1.9004	3	0.7500	5
ryte	24	he	0.4560	23	0.9583	1
ryte	24	and	0.1278	23	0.9583	2
ryte	24	the	0.3751	21	0.8750	3
ryte	24	with	2.3241	20	0.8333	4
ryte	24	they	0.2856	15	0.6250	5
sa	22	the	0.0152	15	0.6818	1
sa	22	of	0.6314	14	0.6364	2
sa	22	say	0.4043	11	0.5000	3
sa	22	you	0.5451	9	0.4091	4
sa	22	that	0.2148	8	0.3636	5
sah	7	that	0.8668	4	0.5714	1
sah	7	say	0.5969	4	0.5714	2
sah	7	of	0.4762	4	0.5714	3
sah	7	they	0.1563	4	0.5714	4
sah	7	we	2.8737	3	0.4286	5
salazema	4	but	2.1085	3	0.7500	1
saleite	4	se	6.5742	4	1.0000	1
saleite	4	leave	5.0596	4	1.0000	2
saleite	4	and	0.1893	4	1.0000	3
saleite	4	no	3.5742	3	0.7500	4
saleite	4	take	3.0358	3	0.7500	5
sang	18	and	0.1068	17	0.9444	1
sang	18	they	0.1157	10	0.5556	2
sang	18	in	0.5774	6	0.3333	3
sang	18	that	0.0892	6	0.3333	4
sang	18	pray	3.8331	5	0.2778	5
sanglou	11	they	0.9637	11	1.0000	1
sanglou	11	the	0.1083	8	0.7273	2
sanglou	11	take	2.7987	7	0.6364	3
sanglou	11	say	0.5298	6	0.5455	4
sanglou	11	when	1.4496	5	0.4545	5
sangma	23	and	0.0580	21	0.9130	1
sangma	23	man	2.2257	15	0.6522	2
sangma	23	be	0.1113	13	0.5652	3
sangma	23	that	0.7356	12	0.5217	4
sangma	23	they	0.0251	12	0.5217	5
sarya	3	they	0.9637	3	1.0000	1
sarya	3	the	0.5678	3	1.0000	2
sarya	3	he	0.5174	3	1.0000	3
satan	15	and	0.1893	15	1.0000	1
satan	15	he	0.1954	12	0.8000	2
satan	15	the	0.1203	11	0.7333	3
satan	15	out	2.4948	9	0.6000	4
satan	15	devil	4.4747	8	0.5333	5
satanhae	7	and	0.1893	7	1.0000	1
satanhae	7	they	0.7413	6	0.8571	2
satanhae	7	out	2.7464	5	0.7143	3
satanhae	7	the	0.0823	5	0.7143	4
satanhae	7	he	0.0319	5	0.7143	5
saw	13	and	0.0738	12	0.9231	1
saw	13	be	0.0414	7	0.5385	2
saw	13	pray	3.9807	4	0.3077	3
saw	13	give	2.3592	4	0.3077	4
saw	13	but	0.8231	4	0.3077	5
sayahae	19	scribe	4.9221	19	1.0000	1
sayahae	19	the	0.5678	19	1.0000	2
sayahae	19	he	0.4394	18	0.9474	3
sayahae	19	and	0.1112	18	0.9474	4
sayahae	19	they	0.4162	13	0.6842	5
seepaw	3	he	0.5174	3	1.0000	1
seepaw	3	and	0.1893	3	1.0000	2
sei	5	the	0.5678	5	1.0000	1
sei	5	of	0.9616	4	0.8000	2
sei	5	do	2.4747	3	0.6000	3
sei	5	not	1.8372	3	0.6000	4
sei	5	you	1.0977	3	0.6000	5
seinaw	18	sin	4.7966	6	0.3333	1
seinaw	18	you	0.2497	6	0.3333	2
seinaw	18	against	2.8897	5	0.2778	3
seinaw	18	put	2.7522	4	0.2222	4
seinaw	18	do	1.0417	4	0.2222	5
shaw	9	and	0.1893	9	1.0000	1
shaw	9	the	0.3978	8	0.8889	2
shaw	9	he	0.3474	8	0.8889	3
shaw	9	send	4.4340	7	0.7778	4
shaw	9	to	1.4721	7	0.7778	5
shawza	3	send	4.7966	3	1.0000	1
shawza	3	he	0.5174	3	1.0000	2
she	4	he	0.5174	4	1.0000	1
she	4	and	0.1893	4	1.0000	2
she	4	thi	3.5071	3	0.7500	3
she	4	shall	2.3226	3	0.7500	4
she	4	in	1.7473	3	0.7500	5
shua	3	full	6.5742	3	1.0000	1
shua	3	up	3.8270	3	1.0000	2
shua	3	take	3.4508	3	1.0000	3
shua	3	of	1.2835	3	1.0000	4
shua	3	they	0.9637	3	1.0000	5
si	4	he	0.5174	4	1.0000	1
si	4	let	4.5742	3	0.7500	2
si	4	we	3.6811	3	0.7500	3
si	4	come	1.9004	3	0.7500	4
si	4	say	0.9892	3	0.7500	5
sia	10	cry	4.8897	8	0.8000	1
sia	10	the	0.2458	8	0.8000	2
sia	10	you	1.3201	7	0.7000	3
sia	10	of	0.7689	7	0.7000	4
sia	10	say	0.6673	6	0.6000	5
siangpahrang	9	king	5.7966	9	1.0000	1
siangpahrang	9	the	0.5678	9	1.0000	2
siangpahrang	9	and	0.0193	8	0.8889	3
siangpahrang	9	of	0.9209	7	0.7778	4
siangpahrang	9	they	0.6011	7	0.7778	5
silawtu	10	priest	4.9221	10	1.0000	1
silawtu	10	the	0.5678	10	1.0000	2
silawtu	10	he	0.5174	10	1.0000	3
silawtu	10	chief	5.2295	9	0.9000	4
silawtu	10	they	0.6418	8	0.8000	5
sinakok	6	and	0.1893	6	1.0000	1
sinakok	6	synagogue	5.6591	5	0.8333	2
sinakok	6	the	0.3047	5	0.8333	3
sinakok	6	he	0.2543	5	0.8333	4
sinakok	6	they	0.3787	4	0.6667	5
sivarui	3	with	2.5871	3	1.0000	1
sivarui	3	the	0.5678	3	1.0000	2
sivarui	3	he	0.5174	3	1.0000	3
sivarui	3	and	0.1893	3	1.0000	4
so	3	you	1.8346	3	1.0000	1
so	3	unto	1.6334	3	1.0000	2
so	3	say	1.4043	3	1.0000	3
so	3	they	0.9637	3	1.0000	4
so	3	the	0.5678	3	1.0000	5
ssaw	5	the	0.5678	5	1.0000	1
ssaw	5	and	0.1893	5	1.0000	2
ssaw	5	be	0.6125	4	0.8000	3
ssaw	5	out	2.4948	3	0.6000	4
ssaw	5	in	1.4254	3	0.6000	5
suilan	5	be	0.9345	5	1.0000	1
suilan	5	they	0.6418	4	0.8000	2
suilan	5	the	0.2458	4	0.8000	3
suilan	5	he	0.1954	4	0.8000	4
suilan	5	ask	3.6904	3	0.6000	5
suimilan	3	be	0.9345	3	1.0000	1
suimilan	3	the	0.5678	3	1.0000	2
suimilan	3	and	0.1893	3	1.0000	3
sungsah	3	be	0.9345	3	1.0000	1
sungsah	3	the	0.5678	3	1.0000	2
sungsah	3	and	0.1893	3	1.0000	3
sya	4	not	2.5742	4	1.0000	1
sya	4	unto	1.6334	4	1.0000	2
sya	4	say	1.4043	4	1.0000	3
sya	4	be	0.9345	4	1.0000	4
sya	4	the	0.5678	4	1.0000	5
takawte	3	the	0.5678	3	1.0000	1
takyh	3	that	1.6742	3	1.0000	1
tang	6	be	0.9345	6	1.0000	1
tang	6	shall	2.4747	5	0.8333	2
tang	6	the	0.3047	5	0.8333	3
tang	6	of	0.6985	4	0.6667	4
tang	6	all	2.3371	3	0.5000	5
taw	4	and	0.1893	4	1.0000	1
taw	4	unto	1.2183	3	0.7500	2
taw	4	he	0.1023	3	0.7500	3
te	172	and	0.1293	165	0.9593	1
te	172	the	0.1302	127	0.7384	2
te	172	he	0.0336	123	0.7151	3
te	172	they	0.2239	103	0.5988	4
te	172	be	0.1521	100	0.5814	5
tee	24	the	0.5678	24	1.0000	1
tee	24	and	0.0637	22	0.9167	2
tee	24	he	0.1023	18	0.7500	3
tee	24	into	2.5803	17	0.7083	4
tee	24	be	0.3495	16	0.6667	5
teepaw	3	into	3.0778	3	1.0000	1
teepaw	3	be	0.9345	3	1.0000	2
teepaw	3	the	0.5678	3	1.0000	3
teeza	7	he	0.5174	7	1.0000	1
teeza	7	and	0.1893	7	1.0000	2
teeza	7	the	0.3454	6	0.8571	3
teeza	7	be	0.4490	5	0.7143	4
teeza	7	into	2.2704	4	0.5714	5
thadyn	5	he	0.5174	5	1.0000	1
thadyn	5	and	0.1893	5	1.0000	2
thadyn	5	there	2.7866	3	0.6000	3
thadyn	5	unto	0.8964	3	0.6000	4
thadynhaepaw	3	stand	5.3815	3	1.0000	1
thadynhaepaw	3	that	1.6742	3	1.0000	2
thadynhaepaw	3	of	1.2835	3	1.0000	3
thadynhaepaw	3	they	0.9637	3	1.0000	4
thadynhaepaw	3	and	0.1893	3	1.0000	5
thae	26	and	0.1327	25	0.9615	1
thae	26	he	0.1388	20	0.7692	2
thae	26	hear	3.6811	19	0.7308	3
thae	26	they	0.4332	18	0.6923	4
thae	26	be	0.4039	18	0.6923	5
thaee	8	fruit	5.9665	6	0.7500	1
thaee	8	the	0.1527	6	0.7500	2
thaee	8	it	1.8208	5	0.6250	3
thaee	8	of	0.6054	5	0.6250	4
thaee	8	some	4.2661	3	0.3750	5
thaehaepaw	4	have	2.1624	4	1.0000	1
thaehaepaw	4	and	0.1893	4	1.0000	2
thaehaepaw	4	be	0.5194	3	0.7500	3
thaehaepaw	4	the	0.1527	3	0.7500	4
thaehaepaw	4	he	0.1023	3	0.7500	5
thaete	6	when	2.3241	5	0.8333	1
thaete	6	it	2.2359	5	0.8333	2
thaete	6	be	0.6714	5	0.8333	3
thaete	6	the	0.3047	5	0.8333	4
thaete	6	he	0.2543	5	0.8333	5
thaw	6	and	0.1893	6	1.0000	1
thaw	6	have	1.8993	5	0.8333	2
thaw	6	he	0.2543	5	0.8333	3
thaw	6	compassion	6.4747	4	0.6667	4
thaw	6	with	2.0022	4	0.6667	5
thawpaw	4	new	6.7966	4	1.0000	1
thawpaw	4	no	3.5742	3	0.7500	2
thawpaw	4	that	1.2591	3	0.7500	3
thawpaw	4	the	0.1527	3	0.7500	4
thawte	6	and	0.1893	6	1.0000	1
thawte	6	the	0.3047	5	0.8333	2
thawte	6	cry	4.6267	4	0.6667	3
thawte	6	you	1.2497	4	0.6667	4
thawte	6	say	0.8193	4	0.6667	5
the	10	and	0.1893	10	1.0000	1
the	10	the	0.4158	9	0.9000	2
the	10	be	0.1975	6	0.6000	3
the	10	hear	3.1336	5	0.5000	4
the	10	do	2.2116	5	0.5000	5
thehooypaw	5	the	0.5678	5	1.0000	1
thehooypaw	5	gospel	6.0596	3	0.6000	2
thehooypaw	5	for	1.7742	3	0.6000	3
thehooypaw	5	you	1.0977	3	0.6000	4
thehooypaw	5	unto	0.8964	3	0.6000	5
thehooysah	3	that	1.6742	3	1.0000	1
thehooysah	3	be	0.9345	3	1.0000	2
thehooysah	3	the	0.5678	3	1.0000	3
theih	8	the	0.5678	8	1.0000	1
theih	8	and	0.1893	8	1.0000	2
theih	8	they	0.5487	6	0.7500	3
theih	8	he	0.1023	6	0.7500	4
theih	8	shall	2.0596	5	0.6250	5
thinlung	7	be	0.7121	6	0.8571	1
thinlung	7	the	0.3454	6	0.8571	2
thinlung	7	heart	5.0888	5	0.7143	3
thinlung	7	you	1.3492	5	0.7143	4
thinlung	7	they	0.1563	4	0.5714	5
tho	3	the	0.5678	3	1.0000	1
tho	3	and	0.1893	3	1.0000	2
thoi	4	spit	7.0596	4	1.0000	1
thoi	4	the	0.5678	4	1.0000	2
thoi	4	he	0.5174	4	1.0000	3
thoi	4	and	0.1893	4	1.0000	4
thoi	4	upon	4.5071	3	0.7500	5
thokuh	3	they	0.9637	3	1.0000	1
thokuh	3	and	0.1893	3	1.0000	2
thokuza	4	he	0.5174	4	1.0000	1
thokuza	4	and	0.1893	4	1.0000	2
thokuza	4	of	0.8685	3	0.7500	3
thokuza	4	the	0.1527	3	0.7500	4
thoothui	4	they	0.9637	4	1.0000	1
thoothui	4	the	0.5678	4	1.0000	2
thoothui	4	and	0.1893	4	1.0000	3
thoothui	4	that	1.2591	3	0.7500	4
thoothui	4	he	0.1023	3	0.7500	5
thooza	3	arose	6.2116	3	1.0000	1
thooza	3	the	0.5678	3	1.0000	2
thooza	3	and	0.1893	3	1.0000	3
thua	82	and	0.0605	75	0.9146	1
thua	82	the	0.1644	62	0.7561	2
thua	82	be	0.0688	45	0.5488	3
thua	82	come	1.3842	43	0.5244	4
thua	82	of	0.3522	43	0.5244	5
thuahaepaw	3	jerusalem	5.9221	3	1.0000	1
thuahaepaw	3	from	3.6536	3	1.0000	2
thuahaepaw	3	come	2.3155	3	1.0000	3
thuahaepaw	3	he	0.5174	3	1.0000	4
thuahaepaw	3	and	0.1893	3	1.0000	5
thuakaw	3	the	0.5678	3	1.0000	1
thuakaw	3	he	0.5174	3	1.0000	2
thuakaw	3	and	0.1893	3	1.0000	3
thuakhae	5	they	0.9637	5	1.0000	1
thuakhae	5	the	0.5678	5	1.0000	2
thuakhae	5	and	0.1893	5	1.0000	3
thuakhae	5	be	0.6125	4	0.8000	4
thuakhae	5	he	0.1954	4	0.8000	5
thuakhy	7	not	2.5742	7	1.0000	1
thuakhy	7	be	0.7121	6	0.8571	2
thuakhy	7	the	0.3454	6	0.8571	3
thuakhy	7	he	0.2950	6	0.8571	4
thuakhy	7	for	2.0258	5	0.7143	5
thuakhyh	4	to	1.4196	3	0.7500	1
thuakhyh	4	be	0.5194	3	0.7500	2
thuakhyh	4	he	0.1023	3	0.7500	3
thuapaw	4	that	1.6742	4	1.0000	1
thuapaw	4	be	0.9345	4	1.0000	2
thuapaw	4	the	0.5678	4	1.0000	3
thuapaw	4	and	0.1893	4	1.0000	4
thuapaw	4	not	2.1592	3	0.7500	5
thuasa	9	and	0.1893	9	1.0000	1
thuasa	9	the	0.2052	7	0.7778	2
thuasa	9	they	0.1157	5	0.5556	3
thuasa	9	or	4.0417	4	0.4444	4
thuasa	9	not	1.4043	4	0.4444	5
thuasalama	26	and	0.0738	24	0.9231	1
thuasalama	26	the	0.1893	20	0.7692	2
thuasalama	26	he	0.0648	19	0.7308	3
thuasalama	26	but	1.6305	14	0.5385	4
thuasalama	26	they	0.0706	14	0.5385	5
thuate	4	and	0.1893	4	1.0000	1
thuate	4	out	2.8168	3	0.7500	2
thuate	4	when	2.1721	3	0.7500	3
thuate	4	come	1.9004	3	0.7500	4
thuate	4	be	0.5194	3	0.7500	5
thuavae	5	be	0.9345	5	1.0000	1
thuavae	5	shall	2.0007	3	0.6000	2
thuaza	15	be	0.7280	13	0.8667	1
thuaza	15	the	0.1203	11	0.7333	2
thuaza	15	he	0.0699	11	0.7333	3
thuaza	15	say	0.3047	7	0.4667	4
thuaza	15	of	0.1840	7	0.4667	5
thya	4	you	1.8346	4	1.0000	1
thya	4	unto	1.6334	4	1.0000	2
thya	4	say	1.4043	4	1.0000	3
thya	4	they	0.9637	4	1.0000	4
thya	4	he	0.5174	4	1.0000	5
thyte	3	to	1.8346	3	1.0000	1
thyte	3	be	0.9345	3	1.0000	2
thyte	3	the	0.5678	3	1.0000	3
thyte	3	and	0.1893	3	1.0000	4
tongkuh	4	the	0.5678	4	1.0000	1
tongkuh	4	he	0.5174	4	1.0000	2
tongkuh	4	and	0.1893	4	1.0000	3
tongkuh	4	they	0.5487	3	0.7500	4
tou	30	say	1.1412	25	0.8333	1
tou	30	be	0.5511	23	0.7667	2
tou	30	unto	1.1188	21	0.7000	3
tou	30	the	0.0532	21	0.7000	4
tou	30	he	0.0028	21	0.7000	5
tousenaw	5	he	0.5174	5	1.0000	1
tousenaw	5	and	0.1893	5	1.0000	2
tousenaw	5	parable	5.6002	4	0.8000	3
tousenaw	5	they	0.6418	4	0.8000	4
tousenaw	5	the	0.2458	4	0.8000	5
toykuh	10	out	3.0798	9	0.9000	1
toykuh	10	the	0.4158	9	0.9000	2
toykuh	10	and	0.0372	9	0.9000	3
toykuh	10	come	1.9935	8	0.8000	4
toykuh	10	of	0.9616	8	0.8000	5
toykupaw	3	the	0.5678	3	1.0000	1
toykupaw	3	and	0.1893	3	1.0000	2
toykuza	3	he	0.5174	3	1.0000	1
toykuza	3	and	0.1893	3	1.0000	2
tua	31	and	0.0424	28	0.9032	1
tua	31	he	0.2636	26	0.8387	2
tua	31	say	0.6980	19	0.6129	3
tua	31	they	0.1794	18	0.5806	4
tua	31	unto	0.7666	17	0.5484	5
tuh	355	he	0.0625	259	0.7296	1
tuh	355	the	0.0503	248	0.6986	2
tuh	355	be	0.1839	211	0.5944	3
tuh	355	of	0.0786	154	0.4338	4
tuh	355	that	0.0354	114	0.3211	5
tui	8	the	0.5678	8	1.0000	1
tui	8	and	0.1893	8	1.0000	2
tui	8	he	0.3247	7	0.8750	3
tui	8	of	0.6054	5	0.6250	4
tui	8	be	0.2564	5	0.6250	5
tuileit	3	wind	6.7966	3	1.0000	1
tuileit	3	be	0.9345	3	1.0000	2
tuileit	3	the	0.5678	3	1.0000	3
tuileit	3	and	0.1893	3	1.0000	4
tuili	7	the	0.5678	7	1.0000	1
tuili	7	and	0.1893	7	1.0000	2
tuili	7	side	5.3112	5	0.7143	3
tuili	7	sea	4.9892	5	0.7143	4
tuili	7	he	0.0319	5	0.7143	5
tuin	15	and	0.0897	14	0.9333	1
tuin	15	he	0.3109	13	0.8667	2
tuin	15	they	0.0568	8	0.5333	3
tuin	15	of	0.1840	7	0.4667	4
tuin	15	when	1.0022	5	0.3333	5
tuinkya	8	and	0.1893	8	1.0000	1
tuinkya	8	he	0.3247	7	0.8750	2
tuinkya	8	there	2.5236	4	0.5000	3
tuinkya	8	of	0.2835	4	0.5000	4
tuinkya	8	see	2.2116	3	0.3750	5
tuinte	6	and	0.1893	6	1.0000	1
tuinte	6	the	0.3047	5	0.8333	2
tuinte	6	he	0.2543	5	0.8333	3
tuinte	6	spit	6.4747	4	0.6667	4
tuinte	6	they	0.3787	4	0.6667	5
tukeiccuze	3	they	0.9637	3	1.0000	1
tukeiccuze	3	and	0.1893	3	1.0000	2
tungkhung	3	they	0.9637	3	1.0000	1
tungkhung	3	and	0.1893	3	1.0000	2
tungvaw	18	and	0.1893	18	1.0000	1
tungvaw	18	he	0.1548	14	0.7778	2
tungvaw	18	they	0.1157	10	0.5556	3
tungvaw	18	be	0.0865	10	0.5556	4
tungvaw	18	that	0.5043	8	0.4444	5
tute	5	not	2.2523	4	0.8000	1
tute	5	the	0.2458	4	0.8000	2
tute	5	he	0.1954	4	0.8000	3
tute	5	you	1.0977	3	0.6000	4
tute	5	say	0.6673	3	0.6000	5
uccaw	20	that	0.6742	10	0.5000	1
uccaw	20	thing	2.8372	9	0.4500	2
uccaw	20	you	0.6826	9	0.4500	3
uccaw	20	unto	0.4813	9	0.4500	4
uccaw	20	say	0.2523	9	0.4500	5
uktu	4	the	0.5678	4	1.0000	1
uktu	4	he	0.5174	4	1.0000	2
uktu	4	and	0.1893	4	1.0000	3
um	39	and	0.0738	36	0.9231	1
um	39	be	0.4039	27	0.6923	2
um	39	say	0.3668	19	0.4872	3
um	39	you	0.6367	17	0.4359	4
um	39	unto	0.4354	17	0.4359	5
umhaepaw	7	of	0.7981	5	0.7143	1
umhaepaw	7	the	0.0823	5	0.7143	2
umhaepaw	7	that	0.8668	4	0.5714	3
umhaepaw	7	be	0.1271	4	0.5714	4
umhaepaw	7	shall	1.5153	3	0.4286	5
umlang	3	and	0.1893	3	1.0000	1
umnaw	3	that	1.6742	3	1.0000	1
umnaw	3	he	0.5174	3	1.0000	2
umnaw	3	and	0.1893	3	1.0000	3
umpaw	8	and	0.1893	8	1.0000	1
umpaw	8	the	0.1527	6	0.7500	2
umpaw	8	he	0.1023	6	0.7500	3
umpaw	8	be	0.2564	5	0.6250	4
umpaw	8	with	1.5871	4	0.5000	5
umvae	7	unto	1.1479	5	0.7143	1
umvae	7	be	0.4490	5	0.7143	2
umvae	7	he	0.0319	5	0.7143	3
umvae	7	you	1.0273	4	0.5714	4
umvae	7	say	0.5969	4	0.5714	5
umza	6	be	0.6714	5	0.8333	1
umza	6	he	0.2543	5	0.8333	2
umza	6	there	2.9386	4	0.6667	3
umza	6	in	1.5774	4	0.6667	4
umza	6	to	1.2497	4	0.6667	5
ung	10	be	0.4199	7	0.7000	1
ung	10	the	0.0532	7	0.7000	2
ung	10	he	0.0028	7	0.7000	3
ung	10	unto	0.8964	6	0.6000	4
ung	10	have	1.1624	5	0.5000	5
ungpaw	3	they	0.9637	3	1.0000	1
ungpaw	3	he	0.5174	3	1.0000	2
uno	3	brother	5.3815	3	1.0000	1
uno	3	be	0.9345	3	1.0000	2
uno	3	the	0.5678	3	1.0000	3
uno	3	and	0.1893	3	1.0000	4
vaaw	6	and	0.1893	6	1.0000	1
vaaw	6	of	1.0205	5	0.8333	2
vaaw	6	be	0.6714	5	0.8333	3
vaaw	6	the	0.3047	5	0.8333	4
vaaw	6	heaven	4.7966	4	0.6667	5
vaawhae	5	the	0.5678	5	1.0000	1
vaawhae	5	angel	6.7377	4	0.8000	2
vaawhae	5	of	0.9616	4	0.8000	3
vaawhae	5	be	0.6125	4	0.8000	4
vaawhae	5	heaven	4.6446	3	0.6000	5
vaawlang	6	heaven	5.3815	6	1.0000	1
vaawlang	6	in	1.5774	4	0.6667	2
vaawlang	6	be	0.3495	4	0.6667	3
vaawlang	6	give	3.0596	3	0.5000	4
vaawlang	6	up	2.8270	3	0.5000	5
vaekheitmawte	5	and	0.1893	5	1.0000	1
vaekheitmawte	5	the	0.2458	4	0.8000	2
vaekheitmawte	5	in	1.4254	3	0.6000	3
vaekheitmawte	5	of	0.5465	3	0.6000	4
vaekheitmawte	5	be	0.1975	3	0.6000	5
vaelantung	7	and	0.1893	7	1.0000	1
vaelantung	7	they	0.7413	6	0.8571	2
vaelantung	7	the	0.3454	6	0.8571	3
vaelantung	7	he	0.2950	6	0.8571	4
vaelantung	7	cross	6.2523	4	0.5714	5
vaeluahaepaw	4	he	0.5174	4	1.0000	1
vaeluahaepaw	4	unto	1.2183	3	0.7500	2
vaeluahaepaw	4	they	0.5487	3	0.7500	3
vaeluahaepaw	4	the	0.1527	3	0.7500	4
vaw	10	and	0.0372	9	0.9000	1
vaw	10	be	0.6125	8	0.8000	2
vaw	10	to	0.8346	5	0.5000	3
vaw	10	on	2.1770	4	0.4000	4
vaw	10	when	1.2652	4	0.4000	5
vawlang	6	the	0.5678	6	1.0000	1
vawlang	6	of	0.2835	3	0.5000	2
vawlangte	3	they	0.9637	3	1.0000	1
vawlangte	3	be	0.9345	3	1.0000	2
vawlangte	3	the	0.5678	3	1.0000	3
vawlangte	3	he	0.5174	3	1.0000	4
vawlangte	3	and	0.1893	3	1.0000	5
vawsawnaw	7	the	0.5678	7	1.0000	1
vawsawnaw	7	that	1.1888	5	0.7143	2
vawsawnaw	7	be	0.4490	5	0.7143	3
vawsawnaw	7	of	0.4762	4	0.5714	4
vawsawnaw	7	son	2.9112	3	0.4286	5
voy	3	fruit	6.3815	3	1.0000	1
voy	3	forth	4.7377	3	1.0000	2
voylang	3	right	6.3815	3	1.0000	1
voylang	3	leave	5.0596	3	1.0000	2
voylang	3	hand	4.3815	3	1.0000	3
voylang	3	on	3.4989	3	1.0000	4
voylang	3	they	0.9637	3	1.0000	5
vua	8	the	0.5678	8	1.0000	1
vua	8	of	1.0909	7	0.8750	2
vua	8	man	1.8424	4	0.5000	3
vua	8	that	0.6742	4	0.5000	4
vua	8	many	2.7571	3	0.3750	5
vyavya	3	the	0.5678	3	1.0000	1
zakheit	5	and	0.1893	5	1.0000	1
zakheit	5	an	4.1210	3	0.6000	2
zaw	8	the	0.1527	6	0.7500	1
zaw	8	in	1.4843	5	0.6250	2
zaw	8	they	0.2856	5	0.6250	3
zaw	8	of	0.2835	4	0.5000	4
zaw	8	come	0.9004	3	0.3750	5
zema	16	but	1.3309	7	0.4375	1
zema	16	not	1.1592	6	0.3750	2
zema	16	with	0.9091	5	0.3125	3
zema	16	for	0.8331	5	0.3125	4
zema	16	in	0.4843	5	0.3125	5
zerya	3	he	0.5174	3	1.0000	1
zerya	3	and	0.1893	3	1.0000	2
zia	6	they	0.9637	6	1.0000	1
zia	6	the	0.5678	6	1.0000	2
zia	6	be	0.6714	5	0.8333	3
zia	6	he	0.2543	5	0.8333	4
zia	6	you	1.2497	4	0.6667	5
zu	9	and	0.0193	8	0.8889	1
zu	9	wife	5.8490	7	0.7778	2
zu	9	she	2.7522	4	0.4444	3
zu	9	for	1.3413	4	0.4444	4
zu	9	to	0.6647	4	0.4444	5
zui	18	and	0.1893	18	1.0000	1
zui	18	he	0.1548	14	0.7778	2
zui	18	the	0.0983	13	0.7222	3
zui	18	follow	4.2116	10	0.5556	4
zui	18	with	1.0022	6	0.3333	5
zuituhae	79	and	0.1893	79	1.0000	1
zuituhae	79	he	0.3633	71	0.8987	2
zuituhae	79	they	0.5668	60	0.7595	3
zuituhae	79	the	0.1466	59	0.7468	4
zuituhae	79	disciple	2.8610	37	0.4684	5
zung	3	the	0.5678	3	1.0000	1
zung	3	and	0.1893	3	1.0000	2
zungzae	6	the	0.3047	5	0.8333	1
zungzae	6	shall	2.1527	4	0.6667	2
zungzae	6	have	1.5774	4	0.6667	3
zungzae	6	that	1.0892	4	0.6667	4
zungzae	6	be	0.3495	4	0.6667	5
zyn	9	and	0.0193	8	0.8889	1
zyn	9	believe	5.2116	6	0.6667	2
zyn	9	they	0.3787	6	0.6667	3
zyn	9	be	0.3495	6	0.6667	4
zyn	9	not	1.7262	5	0.5556	5
zynnaw	8	you	1.6420	7	0.8750	1
zynnaw	8	be	0.7418	7	0.8750	2
zynnaw	8	the	0.1527	6	0.7500	3
zynnaw	8	have	1.4843	5	0.6250	4
zynnaw	8	better	6.0596	4	0.5000	5
